4269568	1	mov	0	
4269573	1	retn	1	
4271360	2	jmp	0	
4263941	3	jmp	0	
4269744	4	push	0	
4269745	4	mov	1	
4269747	4	push	2	
4269749	4	push	3	
4269751	4	push	4	
4269756	4	push	5	
4269761	4	push	6	
4269766	4	push	7	
4269771	4	push	8	
4269776	4	push	9	
4269778	4	call	10	
4269783	4	add	11	
4269786	4	push	12	
4269787	4	call	13	
4269792	4	add	14	
4269795	4	pop	15	
4269796	4	retn	16	
4269574	5	jmp	0	
4263951	6	jmp	0	
4272144	7	push	0	
4272145	7	mov	1	
4272147	7	sub	2	
4272153	7	push	3	
4272154	7	push	4	
4272155	7	push	5	
4272156	7	lea	6	
4272162	7	mov	7	
4272167	7	mov	8	
4272172	7	rep stos	9	
4272174	7	mov	10	
4272176	7	push	11	
4272178	7	call	12	
4272184	7	add	13	
4272187	7	cmp	14	
4272189	7	call	15	
4272194	7	mov	16	
4272197	7	mov	17	
4272204	7	mov	18	
4272211	7	jmp	19	
4272213	8	mov	0	
4272216	8	add	1	
4272219	8	mov	2	
4272222	9	cmp	0	
4272226	9	jge	1	
4272228	10	mov	0	
4272231	10	mov	1	
4272234	10	mov	2	
4272241	10	jmp	3	
4272243	11	mov	0	
4272246	11	mov	1	
4272249	11	mov	2	
4272252	11	mov	3	
4272254	11	mov	4	
4272257	11	push	5	
4272258	11	push	6	
4272263	11	call	7	
4272269	11	add	8	
4272272	11	cmp	9	
4272274	11	call	10	
4272279	11	xor	11	
4272281	11	pop	12	
4272282	11	pop	13	
4272283	11	pop	14	
4272284	11	add	15	
4272290	11	cmp	16	
4272292	11	call	17	
4272297	11	mov	18	
4272299	11	pop	19	
4272300	11	retn	20	
4264976	12	jnz	0	
4264978	13	retn	0	
4264979	14	push	0	
4264980	14	mov	1	
4264982	14	sub	2	
4264985	14	push	3	
4264986	14	push	4	
4264987	14	push	5	
4264988	14	push	6	
4264989	14	push	7	
4264990	14	mov	8	
4264993	14	push	9	
4264995	14	push	10	
4264996	14	call	11	
4265001	14	add	12	
4265004	14	pop	13	
4265005	14	pop	14	
4265006	14	pop	15	
4265007	14	pop	16	
4265008	14	pop	17	
4265009	14	mov	18	
4265011	14	pop	19	
4265012	14	retn	20	
4263966	15	jmp	0	
4264081	16	jmp	0	
4272880	17	cmp	0	
4272886	17	jnz	1	
4272888	18	rep retn	0	
4272890	19	jmp	0	
4272960	20	push	0	
4272961	20	mov	1	
4272963	20	sub	2	
4272969	20	mov	3	
4272974	20	mov	4	
4272980	20	mov	5	
4272986	20	mov	6	
4272992	20	mov	7	
4272998	20	mov	8	
4273004	20	mov	9	
4273011	20	mov	10	
4273018	20	mov	11	
4273025	20	mov	12	
4273032	20	mov	13	
4273039	20	mov	14	
4273046	20	pushf	15	
4273047	20	pop	16	
4273053	20	mov	17	
4273056	20	mov	18	
4273061	20	mov	19	
4273064	20	mov	20	
4273069	20	lea	21	
4273072	20	mov	22	
4273077	20	mov	23	
4273083	20	mov	24	
4273093	20	mov	25	
4273098	20	mov	26	
4273103	20	mov	27	
4273113	20	mov	28	
4273123	20	mov	29	
4273129	20	mov	30	
4273135	20	mov	31	
4273141	20	mov	32	
4273147	20	call	33	
4273153	20	mov	34	
4273158	20	push	35	
4273160	20	call	36	
4273165	20	add	37	
4273168	20	push	38	
4273170	20	call	39	
4273176	20	push	40	
4273181	20	call	41	
4273187	20	cmp	42	
4273194	20	jnz	43	
4273196	21	push	0	
4273198	21	call	1	
4273203	21	add	2	
4273206	22	push	0	
4273211	22	call	1	
4273217	22	push	2	
4273218	22	call	3	
4273224	22	mov	4	
4273226	22	pop	5	
4273227	22	retn	6	
4271008	23	push	0	
4271009	23	mov	1	
4271011	23	push	2	
4271013	23	push	3	
4271018	23	push	4	
4271023	23	mov	5	
4271029	23	push	6	
4271030	23	add	7	
4271033	23	push	8	
4271034	23	push	9	
4271035	23	push	10	
4271036	23	mov	11	
4271041	23	xor	12	
4271044	23	xor	13	
4271046	23	push	14	
4271047	23	lea	15	
4271050	23	mov	16	
4271056	23	mov	17	
4271059	23	mov	18	
4271066	23	mov	19	
4271073	23	mov	20	
4271076	23	push	21	
4271077	23	call	22	
4271082	23	add	23	
4271085	23	test	24	
4271087	23	jnz	25	
4271089	24	mov	0	
4271096	24	mov	1	
4271103	24	mov	2	
4271106	24	jmp	3	
4271111	25	mov	0	
4271114	25	sub	1	
4271117	25	mov	2	
4271120	25	mov	3	
4271123	25	push	4	
4271124	25	mov	5	
4271127	25	push	6	
4271128	25	call	7	
4271133	25	add	8	
4271136	25	mov	9	
4271139	25	cmp	10	
4271143	25	jnz	11	
4271145	26	mov	0	
4271152	26	mov	1	
4271159	26	mov	2	
4271162	26	jmp	3	
4271164	27	mov	0	
4271167	27	mov	1	
4271170	27	and	2	
4271176	27	neg	3	
4271178	27	sbb	4	
4271180	27	add	5	
4271183	27	mov	6	
4271186	27	mov	7	
4271193	27	mov	8	
4271196	27	jmp	9	
4271262	28	mov	0	
4271265	28	mov	1	
4271272	28	pop	2	
4271273	28	pop	3	
4271274	28	pop	4	
4271275	28	pop	5	
4271276	28	mov	6	
4271278	28	pop	7	
4271279	28	retn	8	
4267104	29	push	0	
4267105	29	mov	1	
4267107	29	mov	2	
4267110	29	cmp	3	
4267113	29	ja	4	
4267115	30	mov	0	
4267122	30	cmp	1	
4267125	30	mov	2	
4267132	30	jz	3	
4267134	31	push	0	
4267135	31	push	1	
4267136	31	mov	2	
4267139	31	push	3	
4267140	31	push	4	
4267141	31	call	5	
4267146	31	add	6	
4267149	32	pop	0	
4267150	32	retn	1	
4267151	33	mov	0	
4267157	33	push	1	
4267158	33	mov	2	
4267163	33	push	3	
4267164	33	mov	4	
4267167	33	mov	5	
4267172	33	push	6	
4267173	33	push	7	
4267174	33	call	8	
4267179	33	add	9	
4267182	33	pop	10	
4267183	33	retn	11	
4263991	34	jmp	0	
4270432	35	push	0	
4270433	35	mov	1	
4270435	35	sub	2	
4270438	35	mov	3	
4270445	35	mov	4	
4270452	35	cmp	5	
4270462	35	jz	6	
4270464	36	mov	0	
4270469	36	and	1	
4270474	36	jz	2	
4270476	37	mov	0	
4270482	37	not	1	
4270484	37	mov	2	
4270490	37	jmp	3	
4270495	38	lea	0	
4270498	38	push	1	
4270499	38	call	2	
4270505	38	mov	3	
4270508	38	mov	4	
4270511	38	mov	5	
4270514	38	xor	6	
4270517	38	mov	7	
4270520	38	call	8	
4270526	38	xor	9	
4270529	38	mov	10	
4270532	38	call	11	
4270538	38	xor	12	
4270541	38	mov	13	
4270544	38	call	14	
4270550	38	xor	15	
4270553	38	mov	16	
4270556	38	lea	17	
4270559	38	push	18	
4270560	38	call	19	
4270566	38	mov	20	
4270569	38	xor	21	
4270572	38	mov	22	
4270575	38	mov	23	
4270578	38	xor	24	
4270581	38	mov	25	
4270584	38	cmp	26	
4270591	38	jnz	27	
4270593	39	mov	0	
4270600	39	jmp	1	
4270602	40	mov	0	
4270605	40	and	1	
4270611	40	jnz	2	
4270613	41	mov	0	
4270616	41	shl	1	
4270619	41	or	2	
4270622	41	mov	3	
4270625	42	mov	0	
4270628	42	mov	1	
4270634	42	mov	2	
4270637	42	not	3	
4270639	42	mov	4	
4270645	43	mov	0	
4270647	43	pop	1	
4270648	43	retn	2	
4265552	44	push	0	
4265554	44	push	1	
4265556	44	push	2	
4265558	44	push	3	
4265560	44	push	4	
4265562	44	call	5	
4265567	44	add	6	
4265570	44	retn	7	
4268128	45	push	0	
4268129	45	mov	1	
4268131	45	sub	2	
4268137	45	mov	3	
4268142	45	xor	4	
4268144	45	mov	5	
4268147	45	cmp	6	
4268154	45	mov	7	
4268157	45	mov	8	
4268163	45	mov	9	
4268166	45	jz	10	
4268172	46	cmp	0	
4268175	46	push	1	
4268176	46	push	2	
4268177	46	jz	3	
4268183	47	mov	0	
4268185	47	lea	1	
4268188	47	lea	2	
4268192	48	mov	0	
4268194	48	add	1	
4268197	48	test	2	
4268199	48	jnz	3	
4268201	49	sub	0	
4268203	49	add	1	
4268206	49	cmp	2	
4268212	49	ja	3	
4268218	50	lea	0	
4268224	50	xor	1	
4268226	50	jmp	2	
4268240	51	mov	0	
4268246	51	mov	1	
4268253	51	add	2	
4268256	51	test	3	
4268258	51	jnz	4	
4268260	52	mov	0	
4268262	53	mov	0	
4268264	53	add	1	
4268267	53	test	2	
4268269	53	jnz	3	
4268271	54	push	0	
4268272	54	lea	1	
4268278	54	sub	2	
4268280	54	add	3	
4268283	54	jmp	4	
4268288	55	mov	0	
4268291	55	add	1	
4268294	55	test	2	
4268296	55	jnz	3	
4268298	56	mov	0	
4268300	56	shr	1	
4268303	56	mov	2	
4268305	56	rep movs	3	
4268307	56	mov	4	
4268309	56	and	5	
4268312	56	mov	6	
4268317	56	rep movs	7	
4268319	56	mov	8	
4268321	57	mov	0	
4268323	57	add	1	
4268326	57	test	2	
4268328	57	jnz	3	
4268330	58	lea	0	
4268336	58	sub	1	
4268338	58	mov	2	
4268340	58	add	3	
4268343	59	mov	0	
4268346	59	add	1	
4268349	59	test	2	
4268351	59	jnz	3	
4268353	60	mov	0	
4268355	60	shr	1	
4268358	60	rep movs	2	
4268360	60	mov	3	
4268362	60	and	4	
4268365	60	rep movs	5	
4268367	60	pop	6	
4268368	60	jmp	7	
4268370	61	mov	0	
4268375	62	mov	0	
4268380	62	mov	1	
4268386	62	push	2	
4268387	62	push	3	
4268389	62	push	4	
4268390	62	push	5	
4268391	62	call	6	
4268396	62	add	7	
4268399	62	pop	8	
4268400	62	pop	9	
4268401	63	mov	0	
4268404	63	xor	1	
4268406	63	call	2	
4268411	63	mov	3	
4268413	63	pop	4	
4268414	63	retn	5	
4265488	64	cmp	0	
4265495	64	jnz	1	
4265497	65	push	0	
4265499	65	push	1	
4265501	65	push	2	
4265503	65	push	3	
4265505	65	push	4	
4265507	65	mov	5	
4265514	65	call	6	
4265519	65	push	7	
4265520	65	call	8	
4265525	65	add	9	
4265528	66	retn	0	
4264041	67	jmp	0	
4270368	68	push	0	
4270369	68	mov	1	
4270371	68	mov	2	
4270374	68	push	3	
4270375	68	call	4	
4270380	68	add	5	
4270383	68	neg	6	
4270385	68	sbb	7	
4270387	68	neg	8	
4270389	68	sub	9	
4270392	68	pop	10	
4270393	68	retn	11	
4265584	69	push	0	
4265585	69	mov	1	
4265587	69	call	2	
4265592	69	mov	3	
4265597	69	push	4	
4265599	69	call	5	
4265605	69	add	6	
4265608	69	push	7	
4265610	69	call	8	
4265616	69	add	9	
4265619	69	mov	10	
4265624	69	mov	11	
4265629	69	mov	12	
4265634	69	call	13	
4265640	69	mov	14	
4265646	69	mov	15	
4265648	69	call	16	
4265654	69	mov	17	
4265660	69	mov	18	
4265662	69	mov	19	
4265667	69	mov	20	
4265669	69	mov	21	
4265675	69	call	22	
4265680	69	call	23	
4265685	69	cmp	24	
4265692	69	jnz	25	
4265694	70	push	0	
4265699	70	call	1	
4265705	70	add	2	
4265708	71	call	0	
4265713	71	cmp	1	
4265720	71	jnz	2	
4265722	72	push	0	
4265724	72	call	1	
4265730	72	add	2	
4265733	73	xor	0	
4265735	73	pop	1	
4265736	73	retn	2	
4270710	74	jmp	0	
4264056	75	jmp	0	
4265888	76	push	0	
4265889	76	mov	1	
4265891	76	call	2	
4265896	76	call	3	
4265901	76	pop	4	
4265902	76	retn	5	
4264061	77	jmp	0	
4271376	78	push	0	
4271377	78	mov	1	
4271379	78	mov	2	
4271382	78	push	3	
4271383	78	mov	4	
4271386	78	push	5	
4271387	78	mov	6	
4271390	78	push	7	
4271391	78	mov	8	
4271394	78	push	9	
4271395	78	push	10	
4271400	78	push	11	
4271405	78	call	12	
4271410	78	add	13	
4271413	78	pop	14	
4271414	78	retn	15	
4269504	79	push	0	
4269505	79	mov	1	
4269507	79	mov	2	
4269510	79	mov	3	
4269515	79	mov	4	
4269521	79	mov	5	
4269531	79	pop	6	
4269532	79	retn	7	
4264066	80	jmp	0	
4272928	81	jmp	0	
4273296	82	jmp	0	
4269712	83	push	0	
4269713	83	mov	1	
4269715	83	push	2	
4269720	83	call	3	
4269726	83	xor	4	
4269728	83	pop	5	
4269729	83	retn	6	
4264086	84	jmp	0	
4272898	85	jmp	0	
4266656	86	push	0	
4266657	86	mov	1	
4266659	86	mov	2	
4266665	86	pop	3	
4266666	86	retn	4	
4264101	87	jmp	0	
4271354	88	jmp	0	
4266672	89	push	0	
4266673	89	mov	1	
4266675	89	sub	2	
4266678	89	mov	3	
4266685	89	mov	4	
4266688	89	movzx	5	
4266691	89	cmp	6	
4266697	89	jz	7	
4266699	90	xor	0	
4266701	90	jmp	1	
4266706	91	mov	0	
4266709	91	mov	1	
4266712	91	add	2	
4266715	91	mov	3	
4266718	91	mov	4	
4266721	91	cmp	5	
4266727	91	jz	6	
4266729	92	xor	0	
4266731	92	jmp	1	
4266733	93	mov	0	
4266736	93	add	1	
4266739	93	mov	2	
4266742	93	mov	3	
4266745	93	movzx	4	
4266748	93	mov	5	
4266751	93	cmp	6	
4266758	93	jz	7	
4266760	94	cmp	0	
4266767	94	jz	1	
4266769	95	jmp	0	
4266771	96	mov	0	
4266774	96	cmp	1	
4266778	96	ja	2	
4266780	97	xor	0	
4266782	97	jmp	1	
4266784	98	mov	0	
4266787	98	xor	1	
4266789	98	cmp	2	
4266796	98	setnz	3	
4266799	98	mov	4	
4266801	98	jmp	5	
4266803	99	mov	0	
4266806	99	mov	1	
4266809	99	mov	2	
4266812	99	cmp	3	
4266816	99	ja	4	
4266818	100	xor	0	
4266820	100	jmp	1	
4266822	101	mov	0	
4266825	101	xor	1	
4266827	101	cmp	2	
4266834	101	setnz	3	
4266837	101	jmp	4	
4266839	102	xor	0	
4266841	103	mov	0	
4266843	103	pop	1	
4266844	103	retn	2	
4270259	104	push	0	
4270261	104	call	1	
4270266	104	add	2	
4270269	104	retn	3	
4264126	105	jmp	0	
4272320	106	push	0	
4272321	106	mov	1	
4272323	106	sub	2	
4272329	106	mov	3	
4272334	106	xor	4	
4272336	106	mov	5	
4272339	106	cmp	6	
4272346	106	jz	7	
4272348	107	xor	0	
4272350	107	mov	1	
4272353	107	xor	2	
4272355	107	call	3	
4272360	107	mov	4	
4272362	107	pop	5	
4272363	107	retn	6	
4272364	108	mov	0	
4272369	108	push	1	
4272370	108	mov	2	
4272376	108	push	3	
4272377	108	mov	4	
4272387	108	call	5	
4272389	108	test	6	
4272391	108	jnz	7	
4272397	109	push	0	
4272402	109	call	1	
4272404	109	mov	2	
4272406	109	test	3	
4272408	109	jnz	4	
4272410	110	pop	0	
4272411	110	mov	1	
4272414	110	xor	2	
4272416	110	call	3	
4272421	110	mov	4	
4272423	110	pop	5	
4272424	110	retn	6	
4272425	111	push	0	
4272426	111	mov	1	
4272432	111	push	2	
4272437	111	push	3	
4272438	111	call	4	
4272440	111	test	5	
4272442	111	mov	6	
4272448	111	jnz	7	
4272450	112	pop	0	
4272451	112	pop	1	
4272452	112	mov	2	
4272455	112	xor	3	
4272457	112	call	4	
4272462	112	mov	5	
4272464	112	pop	6	
4272465	112	retn	7	
4272466	113	push	0	
4272467	113	push	1	
4272472	113	push	2	
4272473	113	call	3	
4272475	113	mov	4	
4272477	113	test	5	
4272479	113	jz	6	
4272481	114	push	0	
4272486	114	push	1	
4272487	114	call	2	
4272489	114	mov	3	
4272491	114	test	4	
4272493	114	jz	5	
4272495	115	lea	0	
4272501	115	push	1	
4272502	115	push	2	
4272504	115	push	3	
4272506	115	push	4	
4272511	115	push	5	
4272516	115	call	6	
4272522	115	test	7	
4272524	115	jnz	8	
4272526	116	mov	0	
4272532	116	lea	1	
4272538	116	push	2	
4272539	116	push	3	
4272540	116	lea	4	
4272546	116	push	5	
4272547	116	push	6	
4272549	116	push	7	
4272554	116	push	8	
4272555	116	call	9	
4272557	116	test	10	
4272559	116	jnz	11	
4272561	117	mov	0	
4272567	117	add	1	
4272570	117	cmp	2	
4272576	117	jb	3	
4272578	118	push	0	
4272579	118	call	1	
4272585	119	pop	0	
4272586	119	pop	1	
4272587	119	xor	2	
4272589	119	pop	3	
4272590	119	mov	4	
4272593	119	xor	5	
4272595	119	call	6	
4272600	119	mov	7	
4272602	119	pop	8	
4272603	119	retn	9	
4272604	120	lea	0	
4272610	120	push	1	
4272611	120	mov	2	
4272617	120	lea	3	
4272623	120	push	4	
4272624	120	lea	5	
4272630	120	push	6	
4272631	120	push	7	
4272633	120	push	8	
4272638	120	push	9	
4272639	120	call	10	
4272641	120	mov	11	
4272647	120	push	12	
4272648	120	mov	13	
4272650	120	call	14	
4272652	120	push	15	
4272653	120	call	16	
4272659	120	test	17	
4272661	120	jnz	18	
4272663	121	mov	0	
4272669	121	mov	1	
4272671	121	cmp	2	
4272678	121	jz	3	
4272680	122	mov	0	
4272687	122	jmp	1	
4272689	123	sub	0	
4272692	123	mov	1	
4272698	124	mov	0	
4272704	124	xor	1	
4272706	124	lea	2	
4272713	124	lea	3	
4272720	125	mov	0	
4272723	125	mov	1	
4272726	125	add	2	
4272729	125	cmp	3	
4272732	125	jle	4	
4272734	126	lea	0	
4272740	126	push	1	
4272741	126	call	2	
4272747	126	pop	3	
4272748	126	pop	4	
4272749	127	mov	0	
4272752	127	xor	1	
4272754	127	pop	2	
4272755	127	call	3	
4272760	127	mov	4	
4272762	127	pop	5	
4272763	127	retn	6	
4264131	128	jmp	0	
4270864	129	push	0	
4270865	129	mov	1	
4270867	129	sub	2	
4270870	129	mov	3	
4270873	129	mov	4	
4270876	129	add	5	
4270879	129	mov	6	
4270882	129	mov	7	
4270889	129	mov	8	
4270892	129	movzx	9	
4270896	129	mov	10	
4270899	129	lea	11	
4270903	129	mov	12	
4270906	129	jmp	13	
4270908	130	mov	0	
4270911	130	add	1	
4270914	130	mov	2	
4270917	130	mov	3	
4270920	130	add	4	
4270923	130	mov	5	
4270926	131	mov	0	
4270929	131	movzx	1	
4270933	131	cmp	2	
4270936	131	jnb	3	
4270938	132	mov	0	
4270941	132	mov	1	
4270944	132	cmp	2	
4270947	132	jb	3	
4270949	133	mov	0	
4270952	133	mov	1	
4270955	133	mov	2	
4270958	133	add	3	
4270961	133	cmp	4	
4270964	133	jnb	5	
4270966	134	mov	0	
4270969	134	jmp	1	
4270971	135	jmp	0	
4270973	136	xor	0	
4270975	137	mov	0	
4270977	137	pop	1	
4270978	137	retn	2	
4264141	138	jmp	0	
4267216	139	push	0	
4267217	139	mov	1	
4267219	139	sub	2	
4267225	139	mov	3	
4267230	139	xor	4	
4267232	139	mov	5	
4267235	139	push	6	
4267236	139	push	7	
4267237	139	mov	8	
4267240	139	push	9	
4267241	139	mov	10	
4267244	139	push	11	
4267245	139	mov	12	
4267251	139	mov	13	
4267261	139	call	14	
4267266	139	mov	15	
4267268	139	add	16	
4267271	139	test	17	
4267273	139	jnz	18	
4267275	140	push	0	
4267276	140	call	1	
4267281	140	add	2	
4267284	140	mov	3	
4267290	141	push	0	
4267292	141	push	1	
4267294	141	push	2	
4267296	141	push	3	
4267297	141	mov	4	
4267303	141	push	5	
4267305	141	push	6	
4267310	141	call	7	
4267312	141	cmp	8	
4267317	141	jnb	9	
4267319	142	mov	0	
4267325	142	push	1	
4267326	142	lea	2	
4267332	142	push	3	
4267333	142	push	4	
4267335	142	push	5	
4267336	142	push	6	
4267338	142	push	7	
4267343	142	call	8	
4267345	142	test	9	
4267347	142	jz	10	
4267349	143	lea	0	
4267355	143	mov	1	
4267361	143	jmp	2	
4267363	144	mov	0	
4267373	145	push	0	
4267378	145	call	1	
4267383	145	mov	2	
4267386	145	add	3	
4267389	145	test	4	
4267391	145	jz	5	
4267393	146	mov	0	
4267399	146	mov	1	
4267406	146	push	2	
4267407	146	push	3	
4267408	146	push	4	
4267409	146	push	5	
4267410	146	call	6	
4267415	146	add	7	
4267418	146	test	8	
4267420	146	jnz	9	
4267426	147	xor	0	
4267428	147	jmp	1	
4267430	148	mov	0	
4267432	149	cmp	0	
4267439	149	jnz	1	
4267441	150	test	0	
4267443	150	jz	1	
4267449	151	test	0	
4267451	151	jz	1	
4267453	152	call	0	
4267459	152	test	1	
4267461	152	jnz	2	
4267467	153	push	0	
4267472	153	lea	1	
4267478	153	push	2	
4267479	153	lea	3	
4267485	153	push	4	
4267486	153	push	5	
4267491	153	lea	6	
4267497	153	push	7	
4267498	153	add	8	
4267501	153	push	9	
4267502	153	call	10	
4267507	153	add	11	
4267510	153	test	12	
4267512	153	jz	13	
4267514	154	mov	0	
4267520	154	mov	1	
4267526	154	push	2	
4267527	154	push	3	
4267528	154	push	4	
4267533	154	lea	5	
4267539	154	push	6	
4267540	154	mov	7	
4267543	154	push	8	
4267544	154	lea	9	
4267550	154	push	10	
4267551	154	push	11	
4267552	154	call	12	
4267554	154	jmp	13	
4267559	155	mov	0	
4267565	155	push	1	
4267567	155	push	2	
4267569	155	push	3	
4267571	155	push	4	
4267573	155	push	5	
4267575	155	lea	6	
4267581	155	push	7	
4267582	155	push	8	
4267584	155	push	9	
4267589	155	call	10	
4267591	155	test	11	
4267593	155	jz	12	
4267595	156	push	0	
4267597	156	push	1	
4267599	156	push	2	
4267600	156	lea	3	
4267606	156	push	4	
4267607	156	push	5	
4267609	156	lea	6	
4267615	156	push	7	
4267616	156	push	8	
4267618	156	push	9	
4267623	156	call	10	
4267625	156	test	11	
4267627	156	lea	12	
4267633	156	jnz	13	
4267635	157	mov	0	
4267640	158	push	0	
4267642	158	push	1	
4267644	158	push	2	
4267646	158	push	3	
4267648	158	push	4	
4267650	158	lea	5	
4267656	158	push	6	
4267657	158	push	7	
4267659	158	push	8	
4267664	158	call	9	
4267666	158	test	10	
4267668	158	jz	11	
4267670	159	push	0	
4267672	159	push	1	
4267674	159	push	2	
4267675	159	lea	3	
4267681	159	push	4	
4267682	159	push	5	
4267684	159	lea	6	
4267690	159	push	7	
4267691	159	push	8	
4267693	159	push	9	
4267698	159	call	10	
4267700	159	test	11	
4267702	159	lea	12	
4267708	159	jnz	13	
4267710	160	mov	0	
4267715	161	mov	0	
4267721	161	mov	1	
4267724	161	push	2	
4267725	161	mov	3	
4267728	161	push	4	
4267729	161	push	5	
4267734	161	push	6	
4267735	161	mov	7	
4267741	161	push	8	
4267742	161	push	9	
4267743	161	push	10	
4267744	161	call	11	
4267750	162	add	0	
4267753	162	cmp	1	
4267756	162	jnz	2	
4267758	163	call	0	
4267764	164	mov	0	
4267767	164	pop	1	
4267768	164	pop	2	
4267769	164	xor	3	
4267771	164	pop	4	
4267772	164	call	5	
4267777	164	mov	6	
4267779	164	pop	7	
4267780	164	retn	8	
4264146	165	jmp	0	
4264161	166	jmp	0	
4264166	167	jmp	0	
4270736	168	push	0	
4270737	168	mov	1	
4270739	168	sub	2	
4270742	168	mov	3	
4270745	168	mov	4	
4270748	168	mov	5	
4270751	168	movzx	6	
4270754	168	cmp	7	
4270760	168	jz	8	
4270762	169	xor	0	
4270764	169	jmp	1	
4270766	170	mov	0	
4270769	170	mov	1	
4270772	170	add	2	
4270775	170	mov	3	
4270778	170	mov	4	
4270781	170	cmp	5	
4270787	170	jz	6	
4270789	171	xor	0	
4270791	171	jmp	1	
4270793	172	mov	0	
4270796	172	add	1	
4270799	172	mov	2	
4270802	172	mov	3	
4270805	172	movzx	4	
4270808	172	cmp	5	
4270814	172	jz	6	
4270816	173	xor	0	
4270818	173	jmp	1	
4270820	174	mov	0	
4270825	175	mov	0	
4270827	175	pop	1	
4270828	175	retn	2	
4271424	176	push	0	
4271425	176	mov	1	
4271427	176	mov	2	
4271430	176	mov	3	
4271433	176	sub	4	
4271436	176	push	5	
4271437	176	mov	6	
4271440	176	push	7	
4271442	176	lea	8	
4271445	176	push	9	
4271446	176	sub	10	
4271449	176	mov	11	
4271455	176	push	12	
4271456	176	mov	13	
4271461	176	call	14	
4271467	176	test	15	
4271469	176	jnz	16	
4271471	177	xor	0	
4271473	177	pop	1	
4271474	177	mov	2	
4271476	177	pop	3	
4271477	177	retn	4	
4271478	178	mov	0	
4271481	178	mov	1	
4271484	178	mov	2	
4271487	178	push	3	
4271488	178	push	4	
4271489	178	push	5	
4271490	178	call	6	
4271496	178	test	7	
4271498	178	jz	8	
4271500	179	mov	0	
4271503	179	cmp	1	
4271508	179	jnz	2	
4271510	180	mov	0	
4271513	180	test	1	
4271515	180	jle	2	
4271517	181	add	0	
4271519	181	cmp	1	
4271525	181	jnz	2	
4271527	182	movzx	0	
4271531	182	push	1	
4271532	182	push	2	
4271533	182	movzx	3	
4271537	182	lea	4	
4271541	182	sub	5	
4271543	182	xor	6	
4271545	182	xor	7	
4271547	182	test	8	
4271549	182	jbe	9	
4271551	183	add	0	
4271554	184	mov	0	
4271556	184	cmp	1	
4271558	184	jb	2	
4271560	185	mov	0	
4271562	185	sub	1	
4271564	185	cmp	2	
4271567	185	jb	3	
4271569	186	add	0	
4271572	186	add	1	
4271575	186	cmp	2	
4271577	186	jb	3	
4271579	187	cmp	0	
4271581	187	jz	1	
4271583	188	add	0	
4271586	188	cmp	1	
4271593	188	jnz	2	
4271595	189	cmp	0	
4271602	189	jnz	1	
4271604	190	call	0	
4271609	190	test	1	
4271611	190	mov	2	
4271616	190	jz	3	
4271618	191	mov	0	
4271625	191	jmp	1	
4271627	192	mov	0	
4271632	193	push	0	
4271637	193	push	1	
4271638	193	call	2	
4271644	193	xor	3	
4271646	193	cmp	4	
4271648	193	jz	5	
4271650	194	lea	0	
4271653	194	push	1	
4271654	194	mov	2	
4271657	194	push	3	
4271658	194	push	4	
4271659	194	lea	5	
4271662	194	push	6	
4271663	194	push	7	
4271664	194	push	8	
4271665	194	push	9	
4271666	194	push	10	
4271667	194	call	11	
4271669	194	add	12	
4271672	194	test	13	
4271674	194	jnz	14	
4271676	195	pop	0	
4271677	195	pop	1	
4271678	195	xor	2	
4271680	195	pop	3	
4271681	195	mov	4	
4271683	195	pop	5	
4271684	195	retn	6	
4271685	196	mov	0	
4271688	196	mov	1	
4271690	196	mov	2	
4271692	196	mov	3	
4271695	196	call	4	
4271697	196	cmp	5	
4271702	196	jnz	6	
4271708	197	mov	0	
4271711	197	mov	1	
4271713	197	mov	2	
4271716	197	lea	3	
4271719	197	push	4	
4271720	197	push	5	
4271725	197	push	6	
4271726	197	call	7	
4271728	197	test	8	
4271730	197	jz	9	
4271736	198	mov	0	
4271739	198	mov	1	
4271741	198	mov	2	
4271744	198	push	3	
4271745	198	push	4	
4271746	198	push	5	
4271747	198	lea	6	
4271750	198	push	7	
4271751	198	push	8	
4271752	198	push	9	
4271753	198	call	10	
4271755	198	test	11	
4271757	198	jz	12	
4271763	199	mov	0	
4271766	199	mov	1	
4271769	199	mov	2	
4271771	199	mov	3	
4271774	199	lea	4	
4271777	199	push	5	
4271778	199	call	6	
4271780	199	test	7	
4271782	199	jz	8	
4271788	200	mov	0	
4271791	200	cmp	1	
4271793	200	jz	2	
4271799	201	mov	0	
4271801	201	mov	1	
4271804	201	call	2	
4271806	201	test	3	
4271808	201	jz	4	
4271814	202	mov	0	
4271817	202	mov	1	
4271819	202	mov	2	
4271822	202	push	3	
4271824	202	lea	4	
4271827	202	push	5	
4271828	202	lea	6	
4271831	202	push	7	
4271832	202	lea	8	
4271835	202	push	9	
4271836	202	lea	10	
4271839	202	push	11	
4271840	202	push	12	
4271842	202	call	13	
4271844	202	test	14	
4271846	202	jz	15	
4271852	203	movzx	0	
4271856	203	cmp	1	
4271858	203	jnz	2	
4271860	204	mov	0	
4271863	204	cmp	1	
4271865	204	ja	2	
4271867	205	mov	0	
4271870	205	add	1	
4271872	205	cmp	2	
4271874	205	jb	3	
4271876	206	mov	0	
4271879	206	mov	1	
4271881	206	mov	2	
4271884	206	call	3	
4271886	206	test	4	
4271888	206	jnz	5	
4271890	207	jmp	0	
4271895	208	mov	0	
4271898	208	test	1	
4271900	208	jz	2	
4271906	209	cmp	0	
4271911	209	jnb	1	
4271917	210	add	0	
4271919	210	add	1	
4271921	210	add	2	
4271923	210	push	3	
4271924	210	push	4	
4271926	210	call	5	
4271932	210	push	6	
4271933	210	call	7	
4271939	210	mov	8	
4271941	210	test	9	
4271943	210	jz	10	
4271949	211	mov	0	
4271952	211	mov	1	
4271954	211	mov	2	
4271957	211	push	3	
4271958	211	lea	4	
4271961	211	push	5	
4271962	211	push	6	
4271964	211	push	7	
4271966	211	push	8	
4271968	211	lea	9	
4271971	211	push	10	
4271972	211	call	11	
4271974	211	test	12	
4271976	211	jz	13	
4271978	212	sub	0	
4271981	212	cmp	1	
4271983	212	jb	2	
4271985	213	mov	0	
4271988	213	mov	1	
4271993	213	cmp	2	
4271995	213	jbe	3	
4271997	214	lea	0	
4272000	215	cmp	0	
4272003	215	jb	1	
4272005	216	add	0	
4272008	216	cmp	1	
4272010	216	jb	2	
4272012	217	mov	0	
4272016	217	mov	1	
4272019	217	push	2	
4272021	217	and	3	
4272026	217	mov	4	
4272028	217	mov	5	
4272031	217	mov	6	
4272033	217	mov	7	
4272036	217	push	8	
4272038	217	push	9	
4272040	217	lea	10	
4272043	217	push	11	
4272044	217	mov	12	
4272047	217	push	13	
4272048	217	mov	14	
4272051	217	push	15	
4272052	217	call	16	
4272054	217	test	17	
4272056	217	jz	18	
4272058	218	mov	0	
4272065	219	push	0	
4272066	219	push	1	
4272068	219	call	2	
4272074	219	push	3	
4272075	219	call	4	
4272081	220	mov	0	
4272084	220	mov	1	
4272086	220	mov	2	
4272088	220	call	3	
4272090	221	mov	0	
4272093	221	mov	1	
4272095	221	mov	2	
4272098	221	call	3	
4272100	222	mov	0	
4272103	222	mov	1	
4272105	222	mov	2	
4272108	222	call	3	
4272110	223	mov	0	
4272113	223	mov	1	
4272115	223	mov	2	
4272118	223	call	3	
4272120	223	mov	4	
4272123	223	pop	5	
4272124	223	pop	6	
4272125	223	pop	7	
4272126	223	mov	8	
4272128	223	pop	9	
4272129	223	retn	10	
4264191	224	jmp	0	
4270032	225	push	0	
4270033	225	mov	1	
4270035	225	push	2	
4270037	225	push	3	
4270042	225	push	4	
4270047	225	mov	5	
4270053	225	push	6	
4270054	225	add	7	
4270057	225	push	8	
4270058	225	push	9	
4270059	225	push	10	
4270060	225	mov	11	
4270065	225	xor	12	
4270068	225	xor	13	
4270070	225	push	14	
4270071	225	lea	15	
4270074	225	mov	16	
4270080	225	mov	17	
4270085	225	push	18	
4270086	225	call	19	
4270092	225	add	20	
4270095	225	mov	21	
4270098	225	cmp	22	
4270102	225	jnz	23	
4270104	226	mov	0	
4270107	226	push	1	
4270108	226	call	2	
4270114	226	add	3	
4270117	226	jmp	4	
4270122	227	push	0	
4270124	227	call	1	
4270129	227	add	2	
4270132	227	mov	3	
4270139	227	mov	4	
4270145	227	push	5	
4270146	227	call	6	
4270152	227	add	7	
4270155	227	mov	8	
4270158	227	mov	9	
4270163	227	push	10	
4270164	227	call	11	
4270170	227	add	12	
4270173	227	mov	13	
4270176	227	lea	14	
4270179	227	push	15	
4270180	227	lea	16	
4270183	227	push	17	
4270184	227	mov	18	
4270187	227	push	19	
4270188	227	call	20	
4270194	227	add	21	
4270197	227	push	22	
4270198	227	call	23	
4270203	227	add	24	
4270206	227	mov	25	
4270209	227	mov	26	
4270212	227	push	27	
4270213	227	call	28	
4270219	227	add	29	
4270222	227	mov	30	
4270227	227	mov	31	
4270230	227	push	32	
4270231	227	call	33	
4270237	227	add	34	
4270240	227	mov	35	
4270245	227	mov	36	
4270252	227	call	37	
4270257	227	jmp	38	
4270270	228	mov	0	
4270273	229	mov	0	
4270276	229	mov	1	
4270283	229	pop	2	
4270284	229	pop	3	
4270285	229	pop	4	
4270286	229	pop	5	
4270287	229	mov	6	
4270289	229	pop	7	
4270290	229	retn	8	
4269824	230	push	0	
4269825	230	mov	1	
4269827	230	cmp	2	
4269831	230	jnz	3	
4269833	231	jmp	0	
4269835	232	mov	0	
4269838	232	push	1	
4269839	232	mov	2	
4269842	232	push	3	
4269843	232	mov	4	
4269846	232	push	5	
4269847	232	mov	6	
4269850	232	push	7	
4269851	232	mov	8	
4269854	232	push	9	
4269855	232	call	10	
4269860	232	add	11	
4269863	233	pop	0	
4269864	233	retn	1	
4264196	234	jmp	0	
4272904	235	jmp	0	
4272940	236	jmp	0	
4272910	237	jmp	0	
4264211	238	jmp	0	
4272916	239	jmp	0	
4269584	240	push	0	
4269585	240	mov	1	
4269587	240	mov	2	
4269590	240	mov	3	
4269592	240	cmp	4	
4269598	240	jnz	5	
4269600	241	mov	0	
4269603	241	mov	1	
4269605	241	cmp	2	
4269609	241	jnz	3	
4269611	242	mov	0	
4269614	242	mov	1	
4269616	242	cmp	2	
4269623	242	jz	3	
4269625	243	mov	0	
4269628	243	mov	1	
4269630	243	cmp	2	
4269637	243	jz	3	
4269639	244	mov	0	
4269642	244	mov	1	
4269644	244	cmp	2	
4269651	244	jz	3	
4269653	245	mov	0	
4269656	245	mov	1	
4269658	245	cmp	2	
4269665	245	jnz	3	
4269667	246	call	0	
4269672	246	mov	1	
4269677	246	jmp	2	
4269679	247	xor	0	
4269681	248	pop	0	
4269682	248	retn	1	
4272922	249	jmp	0	
4264221	250	jmp	0	
4264226	251	jmp	0	
4264236	252	jmp	0	
4269904	253	push	0	
4269905	253	mov	1	
4269907	253	xor	2	
4269909	253	pop	3	
4269910	253	retn	4	
4265776	254	push	0	
4265777	254	mov	1	
4265779	254	push	2	
4265784	254	call	3	
4265789	254	add	4	
4265792	254	mov	5	
4265797	254	mov	6	
4265802	254	push	7	
4265807	254	mov	8	
4265813	254	push	9	
4265814	254	push	10	
4265819	254	push	11	
4265824	254	push	12	
4265829	254	call	13	
4265835	254	add	14	
4265838	254	mov	15	
4265843	254	cmp	16	
4265850	254	jge	17	
4265852	255	push	0	
4265854	255	call	1	
4265859	255	add	2	
4265862	256	pop	0	
4265863	256	retn	1	
4264246	257	jmp	0	
4269888	258	push	0	
4269889	258	mov	1	
4269891	258	xor	2	
4269893	258	pop	3	
4269894	258	retn	4	
4264266	259	jmp	0	
4270412	260	jmp	0	
4264271	261	jmp	0	
4269920	262	push	0	
4269921	262	mov	1	
4269926	262	mov	2	
4269928	262	cmp	3	
4269933	262	jnb	4	
4269935	263	nop	0	
4269936	264	mov	0	
4269938	264	test	1	
4269940	264	jz	2	
4269942	265	call	0	
4269944	266	add	0	
4269947	266	cmp	1	
4269953	266	jb	2	
4269955	267	pop	0	
4269956	267	retn	1	
4268880	268	push	0	
4268881	268	mov	1	
4268883	268	sub	2	
4268886	268	mov	3	
4268889	268	push	4	
4268890	268	push	5	
4268891	268	mov	6	
4268894	268	mov	7	
4268897	268	mov	8	
4268900	268	push	9	
4268901	268	xor	10	
4268903	268	sub	11	
4268905	268	mov	12	
4268908	268	lea	13	
4268912	269	mov	0	
4268915	269	cmp	1	
4268918	269	jb	2	
4268920	270	mov	0	
4268925	271	cmp	0	
4268927	271	jnb	1	
4268929	272	mov	0	
4268932	272	mov	1	
4268935	272	movzx	2	
4268938	272	push	3	
4268939	272	push	4	
4268944	272	push	5	
4268945	272	call	6	
4268951	272	add	7	
4268955	272	mov	8	
4268958	272	add	9	
4268961	272	mov	10	
4268963	272	add	11	
4268966	272	add	12	
4268969	272	jmp	13	
4268971	273	mov	0	
4268974	273	mov	1	
4268977	273	lea	2	
4268980	273	mov	3	
4268984	273	mov	4	
4268988	273	pop	5	
4268989	273	pop	6	
4268990	273	pop	7	
4268991	273	mov	8	
4268993	273	pop	9	
4268994	273	retn	10	
4264276	274	jmp	0	
4264291	275	jmp	0	
4264296	276	jmp	0	
4264301	277	jmp	0	
4268496	278	push	0	
4268497	278	mov	1	
4268499	278	sub	2	
4268505	278	mov	3	
4268510	278	xor	4	
4268512	278	mov	5	
4268515	278	push	6	
4268516	278	mov	7	
4268522	278	cmp	8	
4268525	278	push	9	
4268526	278	mov	10	
4268529	278	push	11	
4268530	278	mov	12	
4268533	278	mov	13	
4268539	278	jz	14	
4268545	279	push	0	
4268550	279	call	1	
4268556	279	test	2	
4268558	279	jz	3	
4268564	280	push	0	
4268569	280	push	1	
4268570	280	call	2	
4268576	280	test	3	
4268578	280	mov	4	
4268583	280	jz	5	
4268589	281	test	0	
4268591	281	jz	1	
4268597	282	mov	0	
4268600	282	mov	1	
4268603	282	push	2	
4268608	282	push	3	
4268609	282	push	4	
4268614	282	sub	5	
4268617	282	push	6	
4268618	282	push	7	
4268623	282	lea	8	
4268626	282	push	9	
4268627	282	push	10	
4268632	282	push	11	
4268637	282	lea	12	
4268643	282	push	13	
4268648	282	push	14	
4268649	282	call	15	
4268651	282	mov	16	
4268654	282	sub	17	
4268657	282	push	18	
4268658	282	push	19	
4268659	282	lea	20	
4268662	282	push	21	
4268663	282	lea	22	
4268666	282	push	23	
4268667	282	call	24	
4268672	282	add	25	
4268675	282	push	26	
4268680	282	lea	27	
4268683	282	push	28	
4268684	282	push	29	
4268689	282	lea	30	
4268692	282	push	31	
4268693	282	push	32	
4268698	282	lea	33	
4268704	282	push	34	
4268705	282	call	35	
4268711	282	lea	36	
4268718	282	push	37	
4268719	282	call	38	
4268725	282	mov	39	
4268731	282	lea	40	
4268737	282	push	41	
4268738	282	push	42	
4268740	282	push	43	
4268741	282	push	44	
4268742	282	call	45	
4268747	282	add	46	
4268750	282	pop	47	
4268751	282	pop	48	
4268752	282	pop	49	
4268753	282	mov	50	
4268756	282	xor	51	
4268758	282	call	52	
4268763	282	mov	53	
4268765	282	pop	54	
4268766	282	retn	55	
4268767	283	push	0	
4268772	283	push	1	
4268774	283	push	2	
4268775	283	push	3	
4268776	283	call	4	
4268781	283	add	5	
4268784	284	mov	0	
4268787	284	pop	1	
4268788	284	pop	2	
4268789	284	xor	3	
4268791	284	pop	4	
4268792	284	call	5	
4268797	284	mov	6	
4268799	284	pop	7	
4268800	284	retn	8	
4264311	285	jmp	0	
4264321	286	jmp	0	
4264326	287	jmp	0	
4264346	288	jmp	0	
4264351	289	jmp	0	
4267936	290	push	0	
4267937	290	mov	1	
4267939	290	push	2	
4267941	290	push	3	
4267946	290	push	4	
4267951	290	mov	5	
4267957	290	push	6	
4267958	290	sub	7	
4267961	290	push	8	
4267962	290	push	9	
4267963	290	push	10	
4267964	290	mov	11	
4267969	290	xor	12	
4267972	290	xor	13	
4267974	290	push	14	
4267975	290	lea	15	
4267978	290	mov	16	
4267984	290	mov	17	
4267987	290	xor	18	
4267989	290	mov	19	
4267992	290	mov	20	
4267999	290	mov	21	
4268002	290	mov	22	
4268005	290	mov	23	
4268008	290	mov	24	
4268011	290	mov	25	
4268014	290	mov	26	
4268017	290	lea	27	
4268020	290	mov	28	
4268023	290	mov	29	
4268026	290	mov	30	
4268029	290	mov	31	
4268032	290	lea	32	
4268035	290	push	33	
4268036	290	push	34	
4268038	290	push	35	
4268039	290	push	36	
4268044	290	call	37	
4268050	290	jmp	38	
4268059	291	mov	0	
4268066	291	movzx	1	
4268070	291	mov	2	
4268073	291	mov	3	
4268080	291	pop	4	
4268081	291	pop	5	
4268082	291	pop	6	
4268083	291	pop	7	
4268084	291	mov	8	
4268086	291	pop	9	
4268087	291	retn	10	
4264361	292	jmp	0	
4264366	293	jmp	0	
4266928	294	push	0	
4266929	294	mov	1	
4266931	294	push	2	
4266933	294	push	3	
4266938	294	push	4	
4266943	294	mov	5	
4266949	294	push	6	
4266950	294	sub	7	
4266953	294	push	8	
4266954	294	push	9	
4266955	294	push	10	
4266956	294	mov	11	
4266961	294	xor	12	
4266964	294	xor	13	
4266966	294	push	14	
4266967	294	lea	15	
4266970	294	mov	16	
4266976	294	mov	17	
4266979	294	xor	18	
4266981	294	mov	19	
4266984	294	mov	20	
4266991	294	mov	21	
4266994	294	mov	22	
4266997	294	lea	23	
4267000	294	mov	24	
4267003	294	mov	25	
4267006	294	lea	26	
4267009	294	push	27	
4267010	294	push	28	
4267012	294	push	29	
4267013	294	push	30	
4267018	294	call	31	
4267024	294	jmp	32	
4267033	295	mov	0	
4267040	295	movzx	1	
4267044	295	mov	2	
4267047	295	mov	3	
4267054	295	pop	4	
4267055	295	pop	5	
4267056	295	pop	6	
4267057	295	pop	7	
4267058	295	mov	8	
4267060	295	pop	9	
4267061	295	retn	10	
4264381	296	jmp	0	
4265920	297	push	0	
4265921	297	mov	1	
4265923	297	push	2	
4265925	297	push	3	
4265930	297	push	4	
4265935	297	mov	5	
4265941	297	push	6	
4265942	297	add	7	
4265945	297	push	8	
4265946	297	push	9	
4265947	297	push	10	
4265948	297	mov	11	
4265953	297	xor	12	
4265956	297	xor	13	
4265958	297	push	14	
4265959	297	lea	15	
4265962	297	mov	16	
4265968	297	mov	17	
4265971	297	mov	18	
4265978	297	mov	19	
4265985	297	call	20	
4265990	297	mov	21	
4265993	297	mov	22	
4265996	297	mov	23	
4266003	298	push	0	
4266005	298	mov	1	
4266008	298	push	2	
4266009	298	push	3	
4266014	298	call	4	
4266020	298	mov	5	
4266023	298	cmp	6	
4266027	298	jz	7	
4266029	299	mov	0	
4266032	299	cmp	1	
4266035	299	jnz	2	
4266037	300	mov	0	
4266044	300	jmp	1	
4266046	301	push	0	
4266051	301	call	1	
4266057	301	jmp	2	
4266059	302	cmp	0	
4266066	302	jnz	1	
4266068	303	push	0	
4266070	303	call	1	
4266075	303	add	2	
4266078	303	jmp	3	
4266080	304	cmp	0	
4266087	304	jnz	1	
4266089	305	mov	0	
4266099	305	push	1	
4266104	305	push	2	
4266109	305	call	3	
4266114	305	add	4	
4266117	305	test	5	
4266119	305	jz	6	
4266121	306	mov	0	
4266128	306	mov	1	
4266135	306	mov	2	
4266138	306	jmp	3	
4266143	307	jmp	0	
4266145	308	mov	0	
4266155	309	cmp	0	
4266162	309	jnz	1	
4266164	310	push	0	
4266169	310	push	1	
4266174	310	call	2	
4266179	310	add	3	
4266182	310	mov	4	
4266192	311	cmp	0	
4266199	311	jz	1	
4266201	312	push	0	
4266206	312	push	1	
4266208	312	push	2	
4266213	312	push	3	
4266218	312	push	4	
4266220	312	call	5	
4266226	312	add	6	
4266229	312	cmp	7	
4266232	312	jnz	8	
4266234	313	int	0	
4266235	314	cmp	0	
4266239	314	jnz	1	
4266241	315	push	0	
4266243	315	push	1	
4266248	315	call	2	
4266254	316	cmp	0	
4266261	316	jz	1	
4266263	317	push	0	
4266268	317	call	1	
4266273	317	add	2	
4266276	317	test	3	
4266278	317	jz	4	
4266280	318	push	0	
4266282	318	push	1	
4266284	318	push	2	
4266286	318	call	3	
4266292	319	push	0	
4266294	319	call	1	
4266300	319	add	2	
4266303	319	mov	3	
4266309	319	mov	4	
4266315	319	mov	5	
4266317	319	mov	6	
4266322	319	push	7	
4266323	319	mov	8	
4266329	319	push	9	
4266330	319	mov	10	
4266336	319	push	11	
4266337	319	call	12	
4266342	319	add	13	
4266345	319	mov	14	
4266350	319	cmp	15	
4266357	319	jnz	16	
4266359	320	mov	0	
4266364	320	push	1	
4266365	320	call	2	
4266371	321	cmp	0	
4266378	321	jnz	1	
4266380	322	call	0	
4266386	323	mov	0	
4266393	323	jmp	1	
4266477	324	mov	0	
4266482	325	mov	0	
4266485	325	mov	1	
4266492	325	pop	2	
4266493	325	pop	3	
4266494	325	pop	4	
4266495	325	pop	5	
4266496	325	mov	6	
4266498	325	pop	7	
4266499	325	retn	8	
4264391	326	jmp	0	
4264396	327	jmp	0	
4269552	328	mov	0	
4269557	328	retn	1	
4264186	329	jmp	0	
4264016	330	jmp	0	
4293280	331	null	0	
4293304	332	null	0	
4293088	333	null	0	
4293116	334	null	0	
4293296	335	null	0	
4293076	336	null	0	
4293312	337	null	0	
4293284	338	null	0	
4293036	339	null	0	
4293052	340	null	0	
4293028	341	null	0	
4293276	342	null	0	
4293192	343	null	0	
4293236	344	null	0	
4293084	345	null	0	
4293272	346	null	0	
4293252	347	null	0	
4293056	348	null	0	
4293112	349	null	0	
4293044	350	null	0	
4293080	351	null	0	
4293308	352	null	0	
4293120	353	null	0	
4288908	354	null	0	
4293104	355	null	0	
4293024	356	null	0	
4293032	357	null	0	
4293072	358	null	0	
4293060	359	null	0	
4293068	360	null	0	
4293248	361	null	0	
4293292	362	null	0	
4293264	363	null	0	
4293096	364	null	0	
4289976	365	null	0	
4293124	366	null	0	
4293108	367	null	0	
4293240	368	null	0	
4293048	369	null	0	
4293064	370	null	0	
4293040	371	null	0	
