4269568	1	0
4269568	2	1
4271360	3	0
4263941	4	0
4269744	5	0
4269745	6	0
4269745	7	1
4269747	8	0
4269749	9	0
4269751	10	0
4269756	11	0
4269761	12	0
4269766	13	0
4269771	14	0
4269776	15	0
4269778	16	0
4269783	17	0
4269783	18	1
4269786	19	0
4269787	20	0
4269792	21	0
4269792	22	1
4269795	23	0
4269574	24	0
4263951	25	0
4272144	26	0
4272145	27	0
4272145	28	1
4272147	29	0
4272147	30	1
4272153	31	0
4272154	32	0
4272155	33	0
4272156	34	0
4272156	35	1
4272162	36	0
4272162	37	1
4272167	38	0
4272167	39	1
4272172	40	0
4272172	41	1
4272174	42	0
4272174	43	1
4272176	44	0
4272178	45	0
4272184	46	0
4272184	47	1
4272187	48	0
4272187	49	1
4272189	50	0
4272194	51	0
4272194	52	1
4272197	53	0
4272197	54	1
4272204	55	0
4272204	56	1
4272211	57	0
4272213	58	0
4272213	59	1
4272216	60	0
4272216	61	1
4272219	62	0
4272219	63	1
4272222	64	0
4272222	65	1
4272226	66	0
4272228	67	0
4272228	68	1
4272231	69	0
4272231	70	1
4272234	71	0
4272234	72	1
4272241	73	0
4272243	74	0
4272243	75	1
4272246	76	0
4272246	77	1
4272249	78	0
4272249	79	1
4272252	80	0
4272252	81	1
4272254	82	0
4272254	83	1
4272257	84	0
4272258	85	0
4272263	86	0
4272269	87	0
4272269	88	1
4272272	89	0
4272272	90	1
4272274	91	0
4272279	92	0
4272279	93	1
4272281	94	0
4272282	95	0
4272283	96	0
4272284	97	0
4272284	98	1
4272290	99	0
4272290	100	1
4272292	101	0
4272297	102	0
4272297	103	1
4272299	104	0
4264976	105	0
4264979	106	0
4264980	107	0
4264980	108	1
4264982	109	0
4264982	110	1
4264985	111	0
4264986	112	0
4264987	113	0
4264988	114	0
4264989	115	0
4264990	116	0
4264990	117	1
4264993	118	0
4264995	119	0
4264996	120	0
4265001	121	0
4265001	122	1
4265004	123	0
4265005	124	0
4265006	125	0
4265007	126	0
4265008	127	0
4265009	128	0
4265009	129	1
4265011	130	0
4263966	131	0
4264081	132	0
4272880	133	0
4272880	134	1
4272886	135	0
4272890	136	0
4272960	137	0
4272961	138	0
4272961	139	1
4272963	140	0
4272963	141	1
4272969	142	0
4272969	143	1
4272974	144	0
4272974	145	1
4272980	146	0
4272980	147	1
4272986	148	0
4272986	149	1
4272992	150	0
4272992	151	1
4272998	152	0
4272998	153	1
4273004	154	0
4273004	155	1
4273011	156	0
4273011	157	1
4273018	158	0
4273018	159	1
4273025	160	0
4273025	161	1
4273032	162	0
4273032	163	1
4273039	164	0
4273039	165	1
4273047	166	0
4273053	167	0
4273053	168	1
4273056	169	0
4273056	170	1
4273061	171	0
4273061	172	1
4273064	173	0
4273064	174	1
4273069	175	0
4273069	176	1
4273072	177	0
4273072	178	1
4273077	179	0
4273077	180	1
4273083	181	0
4273083	182	1
4273093	183	0
4273093	184	1
4273098	185	0
4273098	186	1
4273103	187	0
4273103	188	1
4273113	189	0
4273113	190	1
4273123	191	0
4273123	192	1
4273129	193	0
4273129	194	1
4273135	195	0
4273135	196	1
4273141	197	0
4273141	198	1
4273147	199	0
4273153	200	0
4273153	201	1
4273158	202	0
4273160	203	0
4273165	204	0
4273165	205	1
4273168	206	0
4273170	207	0
4273176	208	0
4273181	209	0
4273187	210	0
4273187	211	1
4273194	212	0
4273196	213	0
4273198	214	0
4273203	215	0
4273203	216	1
4273206	217	0
4273211	218	0
4273217	219	0
4273218	220	0
4273224	221	0
4273224	222	1
4273226	223	0
4271008	224	0
4271009	225	0
4271009	226	1
4271011	227	0
4271013	228	0
4271018	229	0
4271023	230	0
4271023	231	1
4271029	232	0
4271030	233	0
4271030	234	1
4271033	235	0
4271034	236	0
4271035	237	0
4271036	238	0
4271036	239	1
4271041	240	0
4271041	241	1
4271044	242	0
4271044	243	1
4271046	244	0
4271047	245	0
4271047	246	1
4271050	247	0
4271050	248	1
4271056	249	0
4271056	250	1
4271059	251	0
4271059	252	1
4271066	253	0
4271066	254	1
4271073	255	0
4271073	256	1
4271076	257	0
4271077	258	0
4271082	259	0
4271082	260	1
4271085	261	0
4271085	262	1
4271087	263	0
4271089	264	0
4271089	265	1
4271096	266	0
4271096	267	1
4271103	268	0
4271103	269	1
4271106	270	0
4271111	271	0
4271111	272	1
4271114	273	0
4271114	274	1
4271117	275	0
4271117	276	1
4271120	277	0
4271120	278	1
4271123	279	0
4271124	280	0
4271124	281	1
4271127	282	0
4271128	283	0
4271133	284	0
4271133	285	1
4271136	286	0
4271136	287	1
4271139	288	0
4271139	289	1
4271143	290	0
4271145	291	0
4271145	292	1
4271152	293	0
4271152	294	1
4271159	295	0
4271159	296	1
4271162	297	0
4271164	298	0
4271164	299	1
4271167	300	0
4271167	301	1
4271170	302	0
4271170	303	1
4271176	304	0
4271178	305	0
4271178	306	1
4271180	307	0
4271180	308	1
4271183	309	0
4271183	310	1
4271186	311	0
4271186	312	1
4271193	313	0
4271193	314	1
4271196	315	0
4271262	316	0
4271262	317	1
4271265	318	0
4271265	319	1
4271272	320	0
4271273	321	0
4271274	322	0
4271275	323	0
4271276	324	0
4271276	325	1
4271278	326	0
4267104	327	0
4267105	328	0
4267105	329	1
4267107	330	0
4267107	331	1
4267110	332	0
4267110	333	1
4267113	334	0
4267115	335	0
4267115	336	1
4267122	337	0
4267122	338	1
4267125	339	0
4267125	340	1
4267132	341	0
4267134	342	0
4267135	343	0
4267136	344	0
4267136	345	1
4267139	346	0
4267140	347	0
4267141	348	0
4267146	349	0
4267146	350	1
4267149	351	0
4267151	352	0
4267151	353	1
4267157	354	0
4267158	355	0
4267158	356	1
4267163	357	0
4267164	358	0
4267164	359	1
4267167	360	0
4267167	361	1
4267172	362	0
4267173	363	0
4267174	364	0
4267179	365	0
4267179	366	1
4267182	367	0
4263991	368	0
4270432	369	0
4270433	370	0
4270433	371	1
4270435	372	0
4270435	373	1
4270438	374	0
4270438	375	1
4270445	376	0
4270445	377	1
4270452	378	0
4270452	379	1
4270462	380	0
4270464	381	0
4270464	382	1
4270469	383	0
4270469	384	1
4270474	385	0
4270476	386	0
4270476	387	1
4270482	388	0
4270484	389	0
4270484	390	1
4270490	391	0
4270495	392	0
4270495	393	1
4270498	394	0
4270499	395	0
4270505	396	0
4270505	397	1
4270508	398	0
4270508	399	1
4270511	400	0
4270511	401	1
4270514	402	0
4270514	403	1
4270517	404	0
4270517	405	1
4270520	406	0
4270526	407	0
4270526	408	1
4270529	409	0
4270529	410	1
4270532	411	0
4270538	412	0
4270538	413	1
4270541	414	0
4270541	415	1
4270544	416	0
4270550	417	0
4270550	418	1
4270553	419	0
4270553	420	1
4270556	421	0
4270556	422	1
4270559	423	0
4270560	424	0
4270566	425	0
4270566	426	1
4270569	427	0
4270569	428	1
4270572	429	0
4270572	430	1
4270575	431	0
4270575	432	1
4270578	433	0
4270578	434	1
4270581	435	0
4270581	436	1
4270584	437	0
4270584	438	1
4270591	439	0
4270593	440	0
4270593	441	1
4270600	442	0
4270602	443	0
4270602	444	1
4270605	445	0
4270605	446	1
4270611	447	0
4270613	448	0
4270613	449	1
4270616	450	0
4270616	451	1
4270619	452	0
4270619	453	1
4270622	454	0
4270622	455	1
4270625	456	0
4270625	457	1
4270628	458	0
4270628	459	1
4270634	460	0
4270634	461	1
4270637	462	0
4270639	463	0
4270639	464	1
4270645	465	0
4270645	466	1
4270647	467	0
4265552	468	0
4265554	469	0
4265556	470	0
4265558	471	0
4265560	472	0
4265562	473	0
4265567	474	0
4265567	475	1
4268128	476	0
4268129	477	0
4268129	478	1
4268131	479	0
4268131	480	1
4268137	481	0
4268137	482	1
4268142	483	0
4268142	484	1
4268144	485	0
4268144	486	1
4268147	487	0
4268147	488	1
4268154	489	0
4268154	490	1
4268157	491	0
4268157	492	1
4268163	493	0
4268163	494	1
4268166	495	0
4268172	496	0
4268172	497	1
4268175	498	0
4268176	499	0
4268177	500	0
4268183	501	0
4268183	502	1
4268185	503	0
4268185	504	1
4268188	505	0
4268188	506	1
4268192	507	0
4268192	508	1
4268194	509	0
4268194	510	1
4268197	511	0
4268197	512	1
4268199	513	0
4268201	514	0
4268201	515	1
4268203	516	0
4268203	517	1
4268206	518	0
4268206	519	1
4268212	520	0
4268218	521	0
4268218	522	1
4268224	523	0
4268224	524	1
4268226	525	0
4268240	526	0
4268240	527	1
4268246	528	0
4268246	529	1
4268253	530	0
4268253	531	1
4268256	532	0
4268256	533	1
4268258	534	0
4268260	535	0
4268260	536	1
4268262	537	0
4268262	538	1
4268264	539	0
4268264	540	1
4268267	541	0
4268267	542	1
4268269	543	0
4268271	544	0
4268272	545	0
4268272	546	1
4268278	547	0
4268278	548	1
4268280	549	0
4268280	550	1
4268283	551	0
4268288	552	0
4268288	553	1
4268291	554	0
4268291	555	1
4268294	556	0
4268294	557	1
4268296	558	0
4268298	559	0
4268298	560	1
4268300	561	0
4268300	562	1
4268303	563	0
4268303	564	1
4268305	565	0
4268305	566	1
4268307	567	0
4268307	568	1
4268309	569	0
4268309	570	1
4268312	571	0
4268312	572	1
4268317	573	0
4268317	574	1
4268319	575	0
4268319	576	1
4268321	577	0
4268321	578	1
4268323	579	0
4268323	580	1
4268326	581	0
4268326	582	1
4268328	583	0
4268330	584	0
4268330	585	1
4268336	586	0
4268336	587	1
4268338	588	0
4268338	589	1
4268340	590	0
4268340	591	1
4268343	592	0
4268343	593	1
4268346	594	0
4268346	595	1
4268349	596	0
4268349	597	1
4268351	598	0
4268353	599	0
4268353	600	1
4268355	601	0
4268355	602	1
4268358	603	0
4268358	604	1
4268360	605	0
4268360	606	1
4268362	607	0
4268362	608	1
4268365	609	0
4268365	610	1
4268367	611	0
4268368	612	0
4268370	613	0
4268370	614	1
4268375	615	0
4268375	616	1
4268380	617	0
4268380	618	1
4268386	619	0
4268387	620	0
4268389	621	0
4268390	622	0
4268391	623	0
4268396	624	0
4268396	625	1
4268399	626	0
4268400	627	0
4268401	628	0
4268401	629	1
4268404	630	0
4268404	631	1
4268406	632	0
4268411	633	0
4268411	634	1
4268413	635	0
4265488	636	0
4265488	637	1
4265495	638	0
4265497	639	0
4265499	640	0
4265501	641	0
4265503	642	0
4265505	643	0
4265507	644	0
4265507	645	1
4265514	646	0
4265519	647	0
4265520	648	0
4265525	649	0
4265525	650	1
4264041	651	0
4270368	652	0
4270369	653	0
4270369	654	1
4270371	655	0
4270371	656	1
4270374	657	0
4270375	658	0
4270380	659	0
4270380	660	1
4270383	661	0
4270385	662	0
4270385	663	1
4270387	664	0
4270389	665	0
4270389	666	1
4270392	667	0
4265584	668	0
4265585	669	0
4265585	670	1
4265587	671	0
4265592	672	0
4265592	673	1
4265597	674	0
4265599	675	0
4265605	676	0
4265605	677	1
4265608	678	0
4265610	679	0
4265616	680	0
4265616	681	1
4265619	682	0
4265619	683	1
4265624	684	0
4265624	685	1
4265629	686	0
4265629	687	1
4265634	688	0
4265640	689	0
4265640	690	1
4265646	691	0
4265646	692	1
4265648	693	0
4265654	694	0
4265654	695	1
4265660	696	0
4265660	697	1
4265662	698	0
4265662	699	1
4265667	700	0
4265667	701	1
4265669	702	0
4265669	703	1
4265675	704	0
4265680	705	0
4265685	706	0
4265685	707	1
4265692	708	0
4265694	709	0
4265699	710	0
4265705	711	0
4265705	712	1
4265708	713	0
4265713	714	0
4265713	715	1
4265720	716	0
4265722	717	0
4265724	718	0
4265730	719	0
4265730	720	1
4265733	721	0
4265733	722	1
4265735	723	0
4270710	724	0
4264056	725	0
4265888	726	0
4265889	727	0
4265889	728	1
4265891	729	0
4265896	730	0
4265901	731	0
4264061	732	0
4271376	733	0
4271377	734	0
4271377	735	1
4271379	736	0
4271379	737	1
4271382	738	0
4271383	739	0
4271383	740	1
4271386	741	0
4271387	742	0
4271387	743	1
4271390	744	0
4271391	745	0
4271391	746	1
4271394	747	0
4271395	748	0
4271400	749	0
4271405	750	0
4271410	751	0
4271410	752	1
4271413	753	0
4269504	754	0
4269505	755	0
4269505	756	1
4269507	757	0
4269507	758	1
4269510	759	0
4269510	760	1
4269515	761	0
4269515	762	1
4269521	763	0
4269521	764	1
4269531	765	0
4264066	766	0
4272928	767	0
4273296	768	0
4269712	769	0
4269713	770	0
4269713	771	1
4269715	772	0
4269720	773	0
4269726	774	0
4269726	775	1
4269728	776	0
4264086	777	0
4272898	778	0
4266656	779	0
4266657	780	0
4266657	781	1
4266659	782	0
4266659	783	1
4266665	784	0
4264101	785	0
4271354	786	0
4266672	787	0
4266673	788	0
4266673	789	1
4266675	790	0
4266675	791	1
4266678	792	0
4266678	793	1
4266685	794	0
4266685	795	1
4266688	796	0
4266688	797	1
4266691	798	0
4266691	799	1
4266697	800	0
4266699	801	0
4266699	802	1
4266701	803	0
4266706	804	0
4266706	805	1
4266709	806	0
4266709	807	1
4266712	808	0
4266712	809	1
4266715	810	0
4266715	811	1
4266718	812	0
4266718	813	1
4266721	814	0
4266721	815	1
4266727	816	0
4266729	817	0
4266729	818	1
4266731	819	0
4266733	820	0
4266733	821	1
4266736	822	0
4266736	823	1
4266739	824	0
4266739	825	1
4266742	826	0
4266742	827	1
4266745	828	0
4266745	829	1
4266748	830	0
4266748	831	1
4266751	832	0
4266751	833	1
4266758	834	0
4266760	835	0
4266760	836	1
4266767	837	0
4266769	838	0
4266771	839	0
4266771	840	1
4266774	841	0
4266774	842	1
4266778	843	0
4266780	844	0
4266780	845	1
4266782	846	0
4266784	847	0
4266784	848	1
4266787	849	0
4266787	850	1
4266789	851	0
4266789	852	1
4266796	853	0
4266799	854	0
4266799	855	1
4266801	856	0
4266803	857	0
4266803	858	1
4266806	859	0
4266806	860	1
4266809	861	0
4266809	862	1
4266812	863	0
4266812	864	1
4266816	865	0
4266818	866	0
4266818	867	1
4266820	868	0
4266822	869	0
4266822	870	1
4266825	871	0
4266825	872	1
4266827	873	0
4266827	874	1
4266834	875	0
4266837	876	0
4266839	877	0
4266839	878	1
4266841	879	0
4266841	880	1
4266843	881	0
4270259	882	0
4270261	883	0
4270266	884	0
4270266	885	1
4264126	886	0
4272320	887	0
4272321	888	0
4272321	889	1
4272323	890	0
4272323	891	1
4272329	892	0
4272329	893	1
4272334	894	0
4272334	895	1
4272336	896	0
4272336	897	1
4272339	898	0
4272339	899	1
4272346	900	0
4272348	901	0
4272348	902	1
4272350	903	0
4272350	904	1
4272353	905	0
4272353	906	1
4272355	907	0
4272360	908	0
4272360	909	1
4272362	910	0
4272364	911	0
4272364	912	1
4272369	913	0
4272370	914	0
4272370	915	1
4272376	916	0
4272377	917	0
4272377	918	1
4272387	919	0
4272389	920	0
4272389	921	1
4272391	922	0
4272397	923	0
4272402	924	0
4272404	925	0
4272404	926	1
4272406	927	0
4272406	928	1
4272408	929	0
4272410	930	0
4272411	931	0
4272411	932	1
4272414	933	0
4272414	934	1
4272416	935	0
4272421	936	0
4272421	937	1
4272423	938	0
4272425	939	0
4272426	940	0
4272426	941	1
4272432	942	0
4272437	943	0
4272438	944	0
4272440	945	0
4272440	946	1
4272442	947	0
4272442	948	1
4272448	949	0
4272450	950	0
4272451	951	0
4272452	952	0
4272452	953	1
4272455	954	0
4272455	955	1
4272457	956	0
4272462	957	0
4272462	958	1
4272464	959	0
4272466	960	0
4272467	961	0
4272472	962	0
4272473	963	0
4272475	964	0
4272475	965	1
4272477	966	0
4272477	967	1
4272479	968	0
4272481	969	0
4272486	970	0
4272487	971	0
4272489	972	0
4272489	973	1
4272491	974	0
4272491	975	1
4272493	976	0
4272495	977	0
4272495	978	1
4272501	979	0
4272502	980	0
4272504	981	0
4272506	982	0
4272511	983	0
4272516	984	0
4272522	985	0
4272522	986	1
4272524	987	0
4272526	988	0
4272526	989	1
4272532	990	0
4272532	991	1
4272538	992	0
4272539	993	0
4272540	994	0
4272540	995	1
4272546	996	0
4272547	997	0
4272549	998	0
4272554	999	0
4272555	1000	0
4272557	1001	0
4272557	1002	1
4272559	1003	0
4272561	1004	0
4272561	1005	1
4272567	1006	0
4272567	1007	1
4272570	1008	0
4272570	1009	1
4272576	1010	0
4272578	1011	0
4272579	1012	0
4272585	1013	0
4272586	1014	0
4272587	1015	0
4272587	1016	1
4272589	1017	0
4272590	1018	0
4272590	1019	1
4272593	1020	0
4272593	1021	1
4272595	1022	0
4272600	1023	0
4272600	1024	1
4272602	1025	0
4272604	1026	0
4272604	1027	1
4272610	1028	0
4272611	1029	0
4272611	1030	1
4272617	1031	0
4272617	1032	1
4272623	1033	0
4272624	1034	0
4272624	1035	1
4272630	1036	0
4272631	1037	0
4272633	1038	0
4272638	1039	0
4272639	1040	0
4272641	1041	0
4272641	1042	1
4272647	1043	0
4272648	1044	0
4272648	1045	1
4272650	1046	0
4272652	1047	0
4272653	1048	0
4272659	1049	0
4272659	1050	1
4272661	1051	0
4272663	1052	0
4272663	1053	1
4272669	1054	0
4272669	1055	1
4272671	1056	0
4272671	1057	1
4272678	1058	0
4272680	1059	0
4272680	1060	1
4272687	1061	0
4272689	1062	0
4272689	1063	1
4272692	1064	0
4272692	1065	1
4272698	1066	0
4272698	1067	1
4272704	1068	0
4272704	1069	1
4272706	1070	0
4272706	1071	1
4272713	1072	0
4272713	1073	1
4272720	1074	0
4272720	1075	1
4272723	1076	0
4272723	1077	1
4272726	1078	0
4272726	1079	1
4272729	1080	0
4272729	1081	1
4272732	1082	0
4272734	1083	0
4272734	1084	1
4272740	1085	0
4272741	1086	0
4272747	1087	0
4272748	1088	0
4272749	1089	0
4272749	1090	1
4272752	1091	0
4272752	1092	1
4272754	1093	0
4272755	1094	0
4272760	1095	0
4272760	1096	1
4272762	1097	0
4264131	1098	0
4270864	1099	0
4270865	1100	0
4270865	1101	1
4270867	1102	0
4270867	1103	1
4270870	1104	0
4270870	1105	1
4270873	1106	0
4270873	1107	1
4270876	1108	0
4270876	1109	1
4270879	1110	0
4270879	1111	1
4270882	1112	0
4270882	1113	1
4270889	1114	0
4270889	1115	1
4270892	1116	0
4270892	1117	1
4270896	1118	0
4270896	1119	1
4270899	1120	0
4270899	1121	1
4270903	1122	0
4270903	1123	1
4270906	1124	0
4270908	1125	0
4270908	1126	1
4270911	1127	0
4270911	1128	1
4270914	1129	0
4270914	1130	1
4270917	1131	0
4270917	1132	1
4270920	1133	0
4270920	1134	1
4270923	1135	0
4270923	1136	1
4270926	1137	0
4270926	1138	1
4270929	1139	0
4270929	1140	1
4270933	1141	0
4270933	1142	1
4270936	1143	0
4270938	1144	0
4270938	1145	1
4270941	1146	0
4270941	1147	1
4270944	1148	0
4270944	1149	1
4270947	1150	0
4270949	1151	0
4270949	1152	1
4270952	1153	0
4270952	1154	1
4270955	1155	0
4270955	1156	1
4270958	1157	0
4270958	1158	1
4270961	1159	0
4270961	1160	1
4270964	1161	0
4270966	1162	0
4270966	1163	1
4270969	1164	0
4270971	1165	0
4270973	1166	0
4270973	1167	1
4270975	1168	0
4270975	1169	1
4270977	1170	0
4264141	1171	0
4267216	1172	0
4267217	1173	0
4267217	1174	1
4267219	1175	0
4267219	1176	1
4267225	1177	0
4267225	1178	1
4267230	1179	0
4267230	1180	1
4267232	1181	0
4267232	1182	1
4267235	1183	0
4267236	1184	0
4267237	1185	0
4267237	1186	1
4267240	1187	0
4267241	1188	0
4267241	1189	1
4267244	1190	0
4267245	1191	0
4267245	1192	1
4267251	1193	0
4267251	1194	1
4267261	1195	0
4267266	1196	0
4267266	1197	1
4267268	1198	0
4267268	1199	1
4267271	1200	0
4267271	1201	1
4267273	1202	0
4267275	1203	0
4267276	1204	0
4267281	1205	0
4267281	1206	1
4267284	1207	0
4267284	1208	1
4267290	1209	0
4267292	1210	0
4267294	1211	0
4267296	1212	0
4267297	1213	0
4267297	1214	1
4267303	1215	0
4267305	1216	0
4267310	1217	0
4267312	1218	0
4267312	1219	1
4267317	1220	0
4267319	1221	0
4267319	1222	1
4267325	1223	0
4267326	1224	0
4267326	1225	1
4267332	1226	0
4267333	1227	0
4267335	1228	0
4267336	1229	0
4267338	1230	0
4267343	1231	0
4267345	1232	0
4267345	1233	1
4267347	1234	0
4267349	1235	0
4267349	1236	1
4267355	1237	0
4267355	1238	1
4267361	1239	0
4267363	1240	0
4267363	1241	1
4267373	1242	0
4267378	1243	0
4267383	1244	0
4267383	1245	1
4267386	1246	0
4267386	1247	1
4267389	1248	0
4267389	1249	1
4267391	1250	0
4267393	1251	0
4267393	1252	1
4267399	1253	0
4267399	1254	1
4267406	1255	0
4267407	1256	0
4267408	1257	0
4267409	1258	0
4267410	1259	0
4267415	1260	0
4267415	1261	1
4267418	1262	0
4267418	1263	1
4267420	1264	0
4267426	1265	0
4267426	1266	1
4267428	1267	0
4267430	1268	0
4267430	1269	1
4267432	1270	0
4267432	1271	1
4267439	1272	0
4267441	1273	0
4267441	1274	1
4267443	1275	0
4267449	1276	0
4267449	1277	1
4267451	1278	0
4267453	1279	0
4267459	1280	0
4267459	1281	1
4267461	1282	0
4267467	1283	0
4267472	1284	0
4267472	1285	1
4267478	1286	0
4267479	1287	0
4267479	1288	1
4267485	1289	0
4267486	1290	0
4267491	1291	0
4267491	1292	1
4267497	1293	0
4267498	1294	0
4267498	1295	1
4267501	1296	0
4267502	1297	0
4267507	1298	0
4267507	1299	1
4267510	1300	0
4267510	1301	1
4267512	1302	0
4267514	1303	0
4267514	1304	1
4267520	1305	0
4267520	1306	1
4267526	1307	0
4267527	1308	0
4267528	1309	0
4267533	1310	0
4267533	1311	1
4267539	1312	0
4267540	1313	0
4267540	1314	1
4267543	1315	0
4267544	1316	0
4267544	1317	1
4267550	1318	0
4267551	1319	0
4267552	1320	0
4267554	1321	0
4267559	1322	0
4267559	1323	1
4267565	1324	0
4267567	1325	0
4267569	1326	0
4267571	1327	0
4267573	1328	0
4267575	1329	0
4267575	1330	1
4267581	1331	0
4267582	1332	0
4267584	1333	0
4267589	1334	0
4267591	1335	0
4267591	1336	1
4267593	1337	0
4267595	1338	0
4267597	1339	0
4267599	1340	0
4267600	1341	0
4267600	1342	1
4267606	1343	0
4267607	1344	0
4267609	1345	0
4267609	1346	1
4267615	1347	0
4267616	1348	0
4267618	1349	0
4267623	1350	0
4267625	1351	0
4267625	1352	1
4267627	1353	0
4267627	1354	1
4267633	1355	0
4267635	1356	0
4267635	1357	1
4267640	1358	0
4267642	1359	0
4267644	1360	0
4267646	1361	0
4267648	1362	0
4267650	1363	0
4267650	1364	1
4267656	1365	0
4267657	1366	0
4267659	1367	0
4267664	1368	0
4267666	1369	0
4267666	1370	1
4267668	1371	0
4267670	1372	0
4267672	1373	0
4267674	1374	0
4267675	1375	0
4267675	1376	1
4267681	1377	0
4267682	1378	0
4267684	1379	0
4267684	1380	1
4267690	1381	0
4267691	1382	0
4267693	1383	0
4267698	1384	0
4267700	1385	0
4267700	1386	1
4267702	1387	0
4267702	1388	1
4267708	1389	0
4267710	1390	0
4267710	1391	1
4267715	1392	0
4267715	1393	1
4267721	1394	0
4267721	1395	1
4267724	1396	0
4267725	1397	0
4267725	1398	1
4267728	1399	0
4267729	1400	0
4267734	1401	0
4267735	1402	0
4267735	1403	1
4267741	1404	0
4267742	1405	0
4267743	1406	0
4267744	1407	0
4267750	1408	0
4267750	1409	1
4267753	1410	0
4267753	1411	1
4267756	1412	0
4267758	1413	0
4267764	1414	0
4267764	1415	1
4267767	1416	0
4267768	1417	0
4267769	1418	0
4267769	1419	1
4267771	1420	0
4267772	1421	0
4267777	1422	0
4267777	1423	1
4267779	1424	0
4264146	1425	0
4264161	1426	0
4264166	1427	0
4270736	1428	0
4270737	1429	0
4270737	1430	1
4270739	1431	0
4270739	1432	1
4270742	1433	0
4270742	1434	1
4270745	1435	0
4270745	1436	1
4270748	1437	0
4270748	1438	1
4270751	1439	0
4270751	1440	1
4270754	1441	0
4270754	1442	1
4270760	1443	0
4270762	1444	0
4270762	1445	1
4270764	1446	0
4270766	1447	0
4270766	1448	1
4270769	1449	0
4270769	1450	1
4270772	1451	0
4270772	1452	1
4270775	1453	0
4270775	1454	1
4270778	1455	0
4270778	1456	1
4270781	1457	0
4270781	1458	1
4270787	1459	0
4270789	1460	0
4270789	1461	1
4270791	1462	0
4270793	1463	0
4270793	1464	1
4270796	1465	0
4270796	1466	1
4270799	1467	0
4270799	1468	1
4270802	1469	0
4270802	1470	1
4270805	1471	0
4270805	1472	1
4270808	1473	0
4270808	1474	1
4270814	1475	0
4270816	1476	0
4270816	1477	1
4270818	1478	0
4270820	1479	0
4270820	1480	1
4270825	1481	0
4270825	1482	1
4270827	1483	0
4271424	1484	0
4271425	1485	0
4271425	1486	1
4271427	1487	0
4271427	1488	1
4271430	1489	0
4271430	1490	1
4271433	1491	0
4271433	1492	1
4271436	1493	0
4271437	1494	0
4271437	1495	1
4271440	1496	0
4271442	1497	0
4271442	1498	1
4271445	1499	0
4271446	1500	0
4271446	1501	1
4271449	1502	0
4271449	1503	1
4271455	1504	0
4271456	1505	0
4271456	1506	1
4271461	1507	0
4271467	1508	0
4271467	1509	1
4271469	1510	0
4271471	1511	0
4271471	1512	1
4271473	1513	0
4271474	1514	0
4271474	1515	1
4271476	1516	0
4271478	1517	0
4271478	1518	1
4271481	1519	0
4271481	1520	1
4271484	1521	0
4271484	1522	1
4271487	1523	0
4271488	1524	0
4271489	1525	0
4271490	1526	0
4271496	1527	0
4271496	1528	1
4271498	1529	0
4271500	1530	0
4271500	1531	1
4271503	1532	0
4271503	1533	1
4271508	1534	0
4271510	1535	0
4271510	1536	1
4271513	1537	0
4271513	1538	1
4271515	1539	0
4271517	1540	0
4271517	1541	1
4271519	1542	0
4271519	1543	1
4271525	1544	0
4271527	1545	0
4271527	1546	1
4271531	1547	0
4271532	1548	0
4271533	1549	0
4271533	1550	1
4271537	1551	0
4271537	1552	1
4271541	1553	0
4271541	1554	1
4271543	1555	0
4271543	1556	1
4271545	1557	0
4271545	1558	1
4271547	1559	0
4271547	1560	1
4271549	1561	0
4271551	1562	0
4271551	1563	1
4271554	1564	0
4271554	1565	1
4271556	1566	0
4271556	1567	1
4271558	1568	0
4271560	1569	0
4271560	1570	1
4271562	1571	0
4271562	1572	1
4271564	1573	0
4271564	1574	1
4271567	1575	0
4271569	1576	0
4271569	1577	1
4271572	1578	0
4271572	1579	1
4271575	1580	0
4271575	1581	1
4271577	1582	0
4271579	1583	0
4271579	1584	1
4271581	1585	0
4271583	1586	0
4271583	1587	1
4271586	1588	0
4271586	1589	1
4271593	1590	0
4271595	1591	0
4271595	1592	1
4271602	1593	0
4271604	1594	0
4271609	1595	0
4271609	1596	1
4271611	1597	0
4271611	1598	1
4271616	1599	0
4271618	1600	0
4271618	1601	1
4271625	1602	0
4271627	1603	0
4271627	1604	1
4271632	1605	0
4271637	1606	0
4271638	1607	0
4271644	1608	0
4271644	1609	1
4271646	1610	0
4271646	1611	1
4271648	1612	0
4271650	1613	0
4271650	1614	1
4271653	1615	0
4271654	1616	0
4271654	1617	1
4271657	1618	0
4271658	1619	0
4271659	1620	0
4271659	1621	1
4271662	1622	0
4271663	1623	0
4271664	1624	0
4271665	1625	0
4271666	1626	0
4271667	1627	0
4271669	1628	0
4271669	1629	1
4271672	1630	0
4271672	1631	1
4271674	1632	0
4271676	1633	0
4271677	1634	0
4271678	1635	0
4271678	1636	1
4271680	1637	0
4271681	1638	0
4271681	1639	1
4271683	1640	0
4271685	1641	0
4271685	1642	1
4271688	1643	0
4271688	1644	1
4271690	1645	0
4271690	1646	1
4271692	1647	0
4271692	1648	1
4271695	1649	0
4271697	1650	0
4271697	1651	1
4271702	1652	0
4271708	1653	0
4271708	1654	1
4271711	1655	0
4271711	1656	1
4271713	1657	0
4271713	1658	1
4271716	1659	0
4271716	1660	1
4271719	1661	0
4271720	1662	0
4271725	1663	0
4271726	1664	0
4271728	1665	0
4271728	1666	1
4271730	1667	0
4271736	1668	0
4271736	1669	1
4271739	1670	0
4271739	1671	1
4271741	1672	0
4271741	1673	1
4271744	1674	0
4271745	1675	0
4271746	1676	0
4271747	1677	0
4271747	1678	1
4271750	1679	0
4271751	1680	0
4271752	1681	0
4271753	1682	0
4271755	1683	0
4271755	1684	1
4271757	1685	0
4271763	1686	0
4271763	1687	1
4271766	1688	0
4271766	1689	1
4271769	1690	0
4271769	1691	1
4271771	1692	0
4271771	1693	1
4271774	1694	0
4271774	1695	1
4271777	1696	0
4271778	1697	0
4271780	1698	0
4271780	1699	1
4271782	1700	0
4271788	1701	0
4271788	1702	1
4271791	1703	0
4271791	1704	1
4271793	1705	0
4271799	1706	0
4271799	1707	1
4271801	1708	0
4271801	1709	1
4271804	1710	0
4271806	1711	0
4271806	1712	1
4271808	1713	0
4271814	1714	0
4271814	1715	1
4271817	1716	0
4271817	1717	1
4271819	1718	0
4271819	1719	1
4271822	1720	0
4271824	1721	0
4271824	1722	1
4271827	1723	0
4271828	1724	0
4271828	1725	1
4271831	1726	0
4271832	1727	0
4271832	1728	1
4271835	1729	0
4271836	1730	0
4271836	1731	1
4271839	1732	0
4271840	1733	0
4271842	1734	0
4271844	1735	0
4271844	1736	1
4271846	1737	0
4271852	1738	0
4271852	1739	1
4271856	1740	0
4271856	1741	1
4271858	1742	0
4271860	1743	0
4271860	1744	1
4271863	1745	0
4271863	1746	1
4271865	1747	0
4271867	1748	0
4271867	1749	1
4271870	1750	0
4271870	1751	1
4271872	1752	0
4271872	1753	1
4271874	1754	0
4271876	1755	0
4271876	1756	1
4271879	1757	0
4271879	1758	1
4271881	1759	0
4271881	1760	1
4271884	1761	0
4271886	1762	0
4271886	1763	1
4271888	1764	0
4271890	1765	0
4271895	1766	0
4271895	1767	1
4271898	1768	0
4271898	1769	1
4271900	1770	0
4271906	1771	0
4271906	1772	1
4271911	1773	0
4271917	1774	0
4271917	1775	1
4271919	1776	0
4271919	1777	1
4271921	1778	0
4271921	1779	1
4271923	1780	0
4271924	1781	0
4271926	1782	0
4271932	1783	0
4271933	1784	0
4271939	1785	0
4271939	1786	1
4271941	1787	0
4271941	1788	1
4271943	1789	0
4271949	1790	0
4271949	1791	1
4271952	1792	0
4271952	1793	1
4271954	1794	0
4271954	1795	1
4271957	1796	0
4271958	1797	0
4271958	1798	1
4271961	1799	0
4271962	1800	0
4271964	1801	0
4271966	1802	0
4271968	1803	0
4271968	1804	1
4271971	1805	0
4271972	1806	0
4271974	1807	0
4271974	1808	1
4271976	1809	0
4271978	1810	0
4271978	1811	1
4271981	1812	0
4271981	1813	1
4271983	1814	0
4271985	1815	0
4271985	1816	1
4271988	1817	0
4271988	1818	1
4271993	1819	0
4271993	1820	1
4271995	1821	0
4271997	1822	0
4271997	1823	1
4272000	1824	0
4272000	1825	1
4272003	1826	0
4272005	1827	0
4272005	1828	1
4272008	1829	0
4272008	1830	1
4272010	1831	0
4272012	1832	0
4272012	1833	1
4272016	1834	0
4272016	1835	1
4272019	1836	0
4272021	1837	0
4272021	1838	1
4272026	1839	0
4272026	1840	1
4272028	1841	0
4272028	1842	1
4272031	1843	0
4272031	1844	1
4272033	1845	0
4272033	1846	1
4272036	1847	0
4272038	1848	0
4272040	1849	0
4272040	1850	1
4272043	1851	0
4272044	1852	0
4272044	1853	1
4272047	1854	0
4272048	1855	0
4272048	1856	1
4272051	1857	0
4272052	1858	0
4272054	1859	0
4272054	1860	1
4272056	1861	0
4272058	1862	0
4272058	1863	1
4272065	1864	0
4272066	1865	0
4272068	1866	0
4272074	1867	0
4272075	1868	0
4272081	1869	0
4272081	1870	1
4272084	1871	0
4272084	1872	1
4272086	1873	0
4272086	1874	1
4272088	1875	0
4272090	1876	0
4272090	1877	1
4272093	1878	0
4272093	1879	1
4272095	1880	0
4272095	1881	1
4272098	1882	0
4272100	1883	0
4272100	1884	1
4272103	1885	0
4272103	1886	1
4272105	1887	0
4272105	1888	1
4272108	1889	0
4272110	1890	0
4272110	1891	1
4272113	1892	0
4272113	1893	1
4272115	1894	0
4272115	1895	1
4272118	1896	0
4272120	1897	0
4272120	1898	1
4272123	1899	0
4272124	1900	0
4272125	1901	0
4272126	1902	0
4272126	1903	1
4272128	1904	0
4264191	1905	0
4270032	1906	0
4270033	1907	0
4270033	1908	1
4270035	1909	0
4270037	1910	0
4270042	1911	0
4270047	1912	0
4270047	1913	1
4270053	1914	0
4270054	1915	0
4270054	1916	1
4270057	1917	0
4270058	1918	0
4270059	1919	0
4270060	1920	0
4270060	1921	1
4270065	1922	0
4270065	1923	1
4270068	1924	0
4270068	1925	1
4270070	1926	0
4270071	1927	0
4270071	1928	1
4270074	1929	0
4270074	1930	1
4270080	1931	0
4270080	1932	1
4270085	1933	0
4270086	1934	0
4270092	1935	0
4270092	1936	1
4270095	1937	0
4270095	1938	1
4270098	1939	0
4270098	1940	1
4270102	1941	0
4270104	1942	0
4270104	1943	1
4270107	1944	0
4270108	1945	0
4270114	1946	0
4270114	1947	1
4270117	1948	0
4270122	1949	0
4270124	1950	0
4270129	1951	0
4270129	1952	1
4270132	1953	0
4270132	1954	1
4270139	1955	0
4270139	1956	1
4270145	1957	0
4270146	1958	0
4270152	1959	0
4270152	1960	1
4270155	1961	0
4270155	1962	1
4270158	1963	0
4270158	1964	1
4270163	1965	0
4270164	1966	0
4270170	1967	0
4270170	1968	1
4270173	1969	0
4270173	1970	1
4270176	1971	0
4270176	1972	1
4270179	1973	0
4270180	1974	0
4270180	1975	1
4270183	1976	0
4270184	1977	0
4270184	1978	1
4270187	1979	0
4270188	1980	0
4270194	1981	0
4270194	1982	1
4270197	1983	0
4270198	1984	0
4270203	1985	0
4270203	1986	1
4270206	1987	0
4270206	1988	1
4270209	1989	0
4270209	1990	1
4270212	1991	0
4270213	1992	0
4270219	1993	0
4270219	1994	1
4270222	1995	0
4270222	1996	1
4270227	1997	0
4270227	1998	1
4270230	1999	0
4270231	2000	0
4270237	2001	0
4270237	2002	1
4270240	2003	0
4270240	2004	1
4270245	2005	0
4270245	2006	1
4270252	2007	0
4270257	2008	0
4270270	2009	0
4270270	2010	1
4270273	2011	0
4270273	2012	1
4270276	2013	0
4270276	2014	1
4270283	2015	0
4270284	2016	0
4270285	2017	0
4270286	2018	0
4270287	2019	0
4270287	2020	1
4270289	2021	0
4269824	2022	0
4269825	2023	0
4269825	2024	1
4269827	2025	0
4269827	2026	1
4269831	2027	0
4269833	2028	0
4269835	2029	0
4269835	2030	1
4269838	2031	0
4269839	2032	0
4269839	2033	1
4269842	2034	0
4269843	2035	0
4269843	2036	1
4269846	2037	0
4269847	2038	0
4269847	2039	1
4269850	2040	0
4269851	2041	0
4269851	2042	1
4269854	2043	0
4269855	2044	0
4269860	2045	0
4269860	2046	1
4269863	2047	0
4264196	2048	0
4272904	2049	0
4272940	2050	0
4272910	2051	0
4264211	2052	0
4272916	2053	0
4269584	2054	0
4269585	2055	0
4269585	2056	1
4269587	2057	0
4269587	2058	1
4269590	2059	0
4269590	2060	1
4269592	2061	0
4269592	2062	1
4269598	2063	0
4269600	2064	0
4269600	2065	1
4269603	2066	0
4269603	2067	1
4269605	2068	0
4269605	2069	1
4269609	2070	0
4269611	2071	0
4269611	2072	1
4269614	2073	0
4269614	2074	1
4269616	2075	0
4269616	2076	1
4269623	2077	0
4269625	2078	0
4269625	2079	1
4269628	2080	0
4269628	2081	1
4269630	2082	0
4269630	2083	1
4269637	2084	0
4269639	2085	0
4269639	2086	1
4269642	2087	0
4269642	2088	1
4269644	2089	0
4269644	2090	1
4269651	2091	0
4269653	2092	0
4269653	2093	1
4269656	2094	0
4269656	2095	1
4269658	2096	0
4269658	2097	1
4269665	2098	0
4269667	2099	0
4269672	2100	0
4269672	2101	1
4269677	2102	0
4269679	2103	0
4269679	2104	1
4269681	2105	0
4269682	2106	0
4272922	2107	0
4264221	2108	0
4264226	2109	0
4264236	2110	0
4269904	2111	0
4269905	2112	0
4269905	2113	1
4269907	2114	0
4269907	2115	1
4269909	2116	0
4265776	2117	0
4265777	2118	0
4265777	2119	1
4265779	2120	0
4265784	2121	0
4265789	2122	0
4265789	2123	1
4265792	2124	0
4265792	2125	1
4265797	2126	0
4265797	2127	1
4265802	2128	0
4265807	2129	0
4265807	2130	1
4265813	2131	0
4265814	2132	0
4265819	2133	0
4265824	2134	0
4265829	2135	0
4265835	2136	0
4265835	2137	1
4265838	2138	0
4265838	2139	1
4265843	2140	0
4265843	2141	1
4265850	2142	0
4265852	2143	0
4265854	2144	0
4265859	2145	0
4265859	2146	1
4265862	2147	0
4264246	2148	0
4269888	2149	0
4269889	2150	0
4269889	2151	1
4269891	2152	0
4269891	2153	1
4269893	2154	0
4264266	2155	0
4270412	2156	0
4264271	2157	0
4269920	2158	0
4269921	2159	0
4269921	2160	1
4269926	2161	0
4269926	2162	1
4269928	2163	0
4269928	2164	1
4269933	2165	0
4269936	2166	0
4269936	2167	1
4269938	2168	0
4269938	2169	1
4269940	2170	0
4269942	2171	0
4269944	2172	0
4269944	2173	1
4269947	2174	0
4269947	2175	1
4269953	2176	0
4269955	2177	0
4268880	2178	0
4268881	2179	0
4268881	2180	1
4268883	2181	0
4268883	2182	1
4268886	2183	0
4268886	2184	1
4268889	2185	0
4268890	2186	0
4268891	2187	0
4268891	2188	1
4268894	2189	0
4268894	2190	1
4268897	2191	0
4268897	2192	1
4268900	2193	0
4268901	2194	0
4268901	2195	1
4268903	2196	0
4268903	2197	1
4268905	2198	0
4268905	2199	1
4268908	2200	0
4268908	2201	1
4268912	2202	0
4268912	2203	1
4268915	2204	0
4268915	2205	1
4268918	2206	0
4268920	2207	0
4268920	2208	1
4268925	2209	0
4268925	2210	1
4268927	2211	0
4268929	2212	0
4268929	2213	1
4268932	2214	0
4268932	2215	1
4268935	2216	0
4268935	2217	1
4268938	2218	0
4268939	2219	0
4268944	2220	0
4268945	2221	0
4268951	2222	0
4268951	2223	1
4268955	2224	0
4268955	2225	1
4268958	2226	0
4268958	2227	1
4268961	2228	0
4268961	2229	1
4268963	2230	0
4268963	2231	1
4268966	2232	0
4268966	2233	1
4268969	2234	0
4268971	2235	0
4268971	2236	1
4268974	2237	0
4268974	2238	1
4268977	2239	0
4268977	2240	1
4268980	2241	0
4268980	2242	1
4268984	2243	0
4268984	2244	1
4268988	2245	0
4268989	2246	0
4268990	2247	0
4268991	2248	0
4268991	2249	1
4268993	2250	0
4264276	2251	0
4264291	2252	0
4264296	2253	0
4264301	2254	0
4268496	2255	0
4268497	2256	0
4268497	2257	1
4268499	2258	0
4268499	2259	1
4268505	2260	0
4268505	2261	1
4268510	2262	0
4268510	2263	1
4268512	2264	0
4268512	2265	1
4268515	2266	0
4268516	2267	0
4268516	2268	1
4268522	2269	0
4268522	2270	1
4268525	2271	0
4268526	2272	0
4268526	2273	1
4268529	2274	0
4268530	2275	0
4268530	2276	1
4268533	2277	0
4268533	2278	1
4268539	2279	0
4268545	2280	0
4268550	2281	0
4268556	2282	0
4268556	2283	1
4268558	2284	0
4268564	2285	0
4268569	2286	0
4268570	2287	0
4268576	2288	0
4268576	2289	1
4268578	2290	0
4268578	2291	1
4268583	2292	0
4268589	2293	0
4268589	2294	1
4268591	2295	0
4268597	2296	0
4268597	2297	1
4268600	2298	0
4268600	2299	1
4268603	2300	0
4268608	2301	0
4268609	2302	0
4268614	2303	0
4268614	2304	1
4268617	2305	0
4268618	2306	0
4268623	2307	0
4268623	2308	1
4268626	2309	0
4268627	2310	0
4268632	2311	0
4268637	2312	0
4268637	2313	1
4268643	2314	0
4268648	2315	0
4268649	2316	0
4268651	2317	0
4268651	2318	1
4268654	2319	0
4268654	2320	1
4268657	2321	0
4268658	2322	0
4268659	2323	0
4268659	2324	1
4268662	2325	0
4268663	2326	0
4268663	2327	1
4268666	2328	0
4268667	2329	0
4268672	2330	0
4268672	2331	1
4268675	2332	0
4268680	2333	0
4268680	2334	1
4268683	2335	0
4268684	2336	0
4268689	2337	0
4268689	2338	1
4268692	2339	0
4268693	2340	0
4268698	2341	0
4268698	2342	1
4268704	2343	0
4268705	2344	0
4268711	2345	0
4268711	2346	1
4268718	2347	0
4268719	2348	0
4268725	2349	0
4268725	2350	1
4268731	2351	0
4268731	2352	1
4268737	2353	0
4268738	2354	0
4268740	2355	0
4268741	2356	0
4268742	2357	0
4268747	2358	0
4268747	2359	1
4268750	2360	0
4268751	2361	0
4268752	2362	0
4268753	2363	0
4268753	2364	1
4268756	2365	0
4268756	2366	1
4268758	2367	0
4268763	2368	0
4268763	2369	1
4268765	2370	0
4268767	2371	0
4268772	2372	0
4268774	2373	0
4268775	2374	0
4268776	2375	0
4268781	2376	0
4268781	2377	1
4268784	2378	0
4268784	2379	1
4268787	2380	0
4268788	2381	0
4268789	2382	0
4268789	2383	1
4268791	2384	0
4268792	2385	0
4268797	2386	0
4268797	2387	1
4268799	2388	0
4264311	2389	0
4264321	2390	0
4264326	2391	0
4264346	2392	0
4264351	2393	0
4267936	2394	0
4267937	2395	0
4267937	2396	1
4267939	2397	0
4267941	2398	0
4267946	2399	0
4267951	2400	0
4267951	2401	1
4267957	2402	0
4267958	2403	0
4267958	2404	1
4267961	2405	0
4267962	2406	0
4267963	2407	0
4267964	2408	0
4267964	2409	1
4267969	2410	0
4267969	2411	1
4267972	2412	0
4267972	2413	1
4267974	2414	0
4267975	2415	0
4267975	2416	1
4267978	2417	0
4267978	2418	1
4267984	2419	0
4267984	2420	1
4267987	2421	0
4267987	2422	1
4267989	2423	0
4267989	2424	1
4267992	2425	0
4267992	2426	1
4267999	2427	0
4267999	2428	1
4268002	2429	0
4268002	2430	1
4268005	2431	0
4268005	2432	1
4268008	2433	0
4268008	2434	1
4268011	2435	0
4268011	2436	1
4268014	2437	0
4268014	2438	1
4268017	2439	0
4268017	2440	1
4268020	2441	0
4268020	2442	1
4268023	2443	0
4268023	2444	1
4268026	2445	0
4268026	2446	1
4268029	2447	0
4268029	2448	1
4268032	2449	0
4268032	2450	1
4268035	2451	0
4268036	2452	0
4268038	2453	0
4268039	2454	0
4268044	2455	0
4268050	2456	0
4268059	2457	0
4268059	2458	1
4268066	2459	0
4268066	2460	1
4268070	2461	0
4268070	2462	1
4268073	2463	0
4268073	2464	1
4268080	2465	0
4268081	2466	0
4268082	2467	0
4268083	2468	0
4268084	2469	0
4268084	2470	1
4268086	2471	0
4264361	2472	0
4264366	2473	0
4266928	2474	0
4266929	2475	0
4266929	2476	1
4266931	2477	0
4266933	2478	0
4266938	2479	0
4266943	2480	0
4266943	2481	1
4266949	2482	0
4266950	2483	0
4266950	2484	1
4266953	2485	0
4266954	2486	0
4266955	2487	0
4266956	2488	0
4266956	2489	1
4266961	2490	0
4266961	2491	1
4266964	2492	0
4266964	2493	1
4266966	2494	0
4266967	2495	0
4266967	2496	1
4266970	2497	0
4266970	2498	1
4266976	2499	0
4266976	2500	1
4266979	2501	0
4266979	2502	1
4266981	2503	0
4266981	2504	1
4266984	2505	0
4266984	2506	1
4266991	2507	0
4266991	2508	1
4266994	2509	0
4266994	2510	1
4266997	2511	0
4266997	2512	1
4267000	2513	0
4267000	2514	1
4267003	2515	0
4267003	2516	1
4267006	2517	0
4267006	2518	1
4267009	2519	0
4267010	2520	0
4267012	2521	0
4267013	2522	0
4267018	2523	0
4267024	2524	0
4267033	2525	0
4267033	2526	1
4267040	2527	0
4267040	2528	1
4267044	2529	0
4267044	2530	1
4267047	2531	0
4267047	2532	1
4267054	2533	0
4267055	2534	0
4267056	2535	0
4267057	2536	0
4267058	2537	0
4267058	2538	1
4267060	2539	0
4264381	2540	0
4265920	2541	0
4265921	2542	0
4265921	2543	1
4265923	2544	0
4265925	2545	0
4265930	2546	0
4265935	2547	0
4265935	2548	1
4265941	2549	0
4265942	2550	0
4265942	2551	1
4265945	2552	0
4265946	2553	0
4265947	2554	0
4265948	2555	0
4265948	2556	1
4265953	2557	0
4265953	2558	1
4265956	2559	0
4265956	2560	1
4265958	2561	0
4265959	2562	0
4265959	2563	1
4265962	2564	0
4265962	2565	1
4265968	2566	0
4265968	2567	1
4265971	2568	0
4265971	2569	1
4265978	2570	0
4265978	2571	1
4265985	2572	0
4265990	2573	0
4265990	2574	1
4265993	2575	0
4265993	2576	1
4265996	2577	0
4265996	2578	1
4266003	2579	0
4266005	2580	0
4266005	2581	1
4266008	2582	0
4266009	2583	0
4266014	2584	0
4266020	2585	0
4266020	2586	1
4266023	2587	0
4266023	2588	1
4266027	2589	0
4266029	2590	0
4266029	2591	1
4266032	2592	0
4266032	2593	1
4266035	2594	0
4266037	2595	0
4266037	2596	1
4266044	2597	0
4266046	2598	0
4266051	2599	0
4266057	2600	0
4266059	2601	0
4266059	2602	1
4266066	2603	0
4266068	2604	0
4266070	2605	0
4266075	2606	0
4266075	2607	1
4266078	2608	0
4266080	2609	0
4266080	2610	1
4266087	2611	0
4266089	2612	0
4266089	2613	1
4266099	2614	0
4266104	2615	0
4266109	2616	0
4266114	2617	0
4266114	2618	1
4266117	2619	0
4266117	2620	1
4266119	2621	0
4266121	2622	0
4266121	2623	1
4266128	2624	0
4266128	2625	1
4266135	2626	0
4266135	2627	1
4266138	2628	0
4266143	2629	0
4266145	2630	0
4266145	2631	1
4266155	2632	0
4266155	2633	1
4266162	2634	0
4266164	2635	0
4266169	2636	0
4266174	2637	0
4266179	2638	0
4266179	2639	1
4266182	2640	0
4266182	2641	1
4266192	2642	0
4266192	2643	1
4266199	2644	0
4266201	2645	0
4266206	2646	0
4266208	2647	0
4266213	2648	0
4266218	2649	0
4266220	2650	0
4266226	2651	0
4266226	2652	1
4266229	2653	0
4266229	2654	1
4266232	2655	0
4266234	2656	0
4266235	2657	0
4266235	2658	1
4266239	2659	0
4266241	2660	0
4266243	2661	0
4266248	2662	0
4266254	2663	0
4266254	2664	1
4266261	2665	0
4266263	2666	0
4266268	2667	0
4266273	2668	0
4266273	2669	1
4266276	2670	0
4266276	2671	1
4266278	2672	0
4266280	2673	0
4266282	2674	0
4266284	2675	0
4266286	2676	0
4266292	2677	0
4266294	2678	0
4266300	2679	0
4266300	2680	1
4266303	2681	0
4266303	2682	1
4266309	2683	0
4266309	2684	1
4266315	2685	0
4266315	2686	1
4266317	2687	0
4266317	2688	1
4266322	2689	0
4266323	2690	0
4266323	2691	1
4266329	2692	0
4266330	2693	0
4266330	2694	1
4266336	2695	0
4266337	2696	0
4266342	2697	0
4266342	2698	1
4266345	2699	0
4266345	2700	1
4266350	2701	0
4266350	2702	1
4266357	2703	0
4266359	2704	0
4266359	2705	1
4266364	2706	0
4266365	2707	0
4266371	2708	0
4266371	2709	1
4266378	2710	0
4266380	2711	0
4266386	2712	0
4266386	2713	1
4266393	2714	0
4266477	2715	0
4266477	2716	1
4266482	2717	0
4266482	2718	1
4266485	2719	0
4266485	2720	1
4266492	2721	0
4266493	2722	0
4266494	2723	0
4266495	2724	0
4266496	2725	0
4266496	2726	1
4266498	2727	0
4264391	2728	0
4264396	2729	0
4269552	2730	0
4269552	2731	1
4264186	2732	0
4264016	2733	0
